,time,S,I,R,N
0,0.0,300.0,100,0.0,400.0
1,0.5,326.9718768611132,0,7.584460526334638,316.82590098590157
2,1.0,323.6277632126434,0,0.0,316.82590098590157
3,1.5,321.3858694227093,0,0.0,316.82590098590157
4,2.0,319.88290382593743,0,0.0,316.82590098590157
5,2.5,318.8753156898616,0,0.0,316.82590098590157
6,3.0,318.1998286034364,0,0.0,316.82590098590157
7,3.5,317.7469820606969,0,0.0,316.82590098590157
8,4.0,317.44339373844434,0,0.0,316.82590098590157
9,4.5,317.23986812720625,0,0.0,316.82590098590157
10,5.0,317.1034245574322,0,0.0,316.82590098590157
11,5.5,317.0119527882557,0,0.0,316.82590098590157
12,6.0,316.9506301141998,0,0.0,316.82590098590157
13,6.5,316.9095193935127,0,0.0,316.82590098590157
14,7.0,316.88195876636405,0,0.0,316.82590098590157
15,7.5,316.8634821219236,0,0.0,316.82590098590157
16,8.0,316.85109537949074,0,0.0,316.82590098590157
17,8.5,316.84279130736377,0,0.0,316.82590098590157
18,9.0,316.83722425740984,0,0.0,316.82590098590157
19,9.5,316.8334921071207,0,0.0,316.82590098590157
20,10.0,316.8309900735669,0,0.0,316.82590098590157
21,10.5,316.8293127102724,0,0.0,316.82590098590157
22,11.0,316.8281882059198,0,0.0,316.82590098590157
23,11.5,316.8274343382018,0,0.0,316.82590098590157
24,12.0,316.8269289452836,0,0.0,316.82590098590157
25,12.5,316.8265901298713,0,0.0,316.82590098590157
26,13.0,316.8263629880189,0,0.0,316.82590098590157
27,13.5,316.826210712121,0,0.0,316.82590098590157
28,14.0,316.8261086263591,0,0.0,316.82590098590157
29,14.5,316.82604018806427,0,0.0,316.82590098590157
30,15.0,316.82599430703146,0,0.0,316.82590098590157
31,15.5,316.82596354838705,0,0.0,316.82590098590157
32,16.0,316.82594292779186,0,0.0,316.82590098590157
33,16.5,316.8259291037448,0,0.0,316.82590098590157
34,17.0,316.82591983610365,0,0.0,316.82590098590157
35,17.5,316.82591362307704,0,0.0,316.82590098590157
36,18.0,316.825909457864,0,0.0,316.82590098590157
37,18.5,316.82590666550516,0,0.0,316.82590098590157
38,19.0,316.8259047935078,0,0.0,316.82590098590157
39,19.5,316.8259035385208,0,0.0,316.82590098590157
40,20.0,316.82590269717747,0,0.0,316.82590098590157
41,20.5,316.8259021331409,0,0.0,316.82590098590157
42,21.0,316.8259017550108,0,0.0,316.82590098590157
43,21.5,316.8259015015124,0,0.0,316.82590098590157
44,22.0,316.8259013315671,0,0.0,316.82590098590157
45,22.5,316.8259012176357,0,0.0,316.82590098590157
46,23.0,316.8259011412561,0,0.0,316.82590098590157
47,23.5,316.8259010900513,0,0.0,316.82590098590157
48,24.0,316.82590105572353,0,0.0,316.82590098590157
49,24.5,316.8259010327102,0,0.0,316.82590098590157
50,25.0,316.8259010172821,0,0.0,316.82590098590157
51,25.5,316.8259010069391,0,0.0,316.82590098590157
52,26.0,316.8259010000051,0,0.0,316.82590098590157
53,26.5,316.82590099535656,0,0.0,316.82590098590157
54,27.0,316.8259009922402,0,0.0,316.82590098590157
55,27.5,316.82590099015096,0,0.0,316.82590098590157
56,28.0,316.82590098875033,0,0.0,316.82590098590157
57,28.5,316.8259009878114,0,0.0,316.82590098590157
58,29.0,316.8259009871819,0,0.0,316.82590098590157
59,29.5,316.8259009867599,0,0.0,316.82590098590157
60,30.0,316.825900986477,0,0.0,316.82590098590157
61,30.5,316.8259009862873,0,0.0,316.82590098590157
62,31.0,316.82590098616015,0,0.0,316.82590098590157
63,31.5,316.82590098607494,0,0.0,316.82590098590157
64,32.0,316.8259009860178,0,0.0,316.82590098590157
65,32.5,316.8259009859795,0,0.0,316.82590098590157
66,33.0,316.8259009859538,0,0.0,316.82590098590157
67,33.5,316.8259009859366,0,0.0,316.82590098590157
68,34.0,316.82590098592505,0,0.0,316.82590098590157
69,34.5,316.8259009859173,0,0.0,316.82590098590157
70,35.0,316.82590098591214,0,0.0,316.82590098590157
71,35.5,316.8259009859087,0,0.0,316.82590098590157
72,36.0,316.82590098590634,0,0.0,316.82590098590157
73,36.5,316.82590098590475,0,0.0,316.82590098590157
74,37.0,316.8259009859037,0,0.0,316.82590098590157
75,37.5,316.825900985903,0,0.0,316.82590098590157
76,38.0,316.82590098590254,0,0.0,316.82590098590157
77,38.5,316.8259009859022,0,0.0,316.82590098590157
78,39.0,316.82590098590197,0,0.0,316.82590098590157
79,39.5,316.82590098590185,0,0.0,316.82590098590157
80,40.0,316.82590098590174,0,0.0,316.82590098590157
81,40.5,316.8259009859017,0,0.0,316.82590098590157
82,41.0,316.8259009859016,0,0.0,316.82590098590157
83,41.5,316.8259009859016,0,0.0,316.82590098590157
84,42.0,316.8259009859016,0,0.0,316.82590098590157
85,42.5,316.8259009859016,0,0.0,316.82590098590157
86,43.0,316.8259009859016,0,0.0,316.82590098590157
87,43.5,316.8259009859016,0,0.0,316.82590098590157
88,44.0,316.8259009859016,0,0.0,316.82590098590157
89,44.5,316.8259009859016,0,0.0,316.82590098590157
90,45.0,316.8259009859016,0,0.0,316.82590098590157
91,45.5,316.8259009859016,0,0.0,316.82590098590157
92,46.0,316.8259009859016,0,0.0,316.82590098590157
93,46.5,316.8259009859016,0,0.0,316.82590098590157
94,47.0,316.8259009859016,0,0.0,316.82590098590157
95,47.5,316.8259009859016,0,0.0,316.82590098590157
96,48.0,316.8259009859016,0,0.0,316.82590098590157
97,48.5,316.8259009859016,0,0.0,316.82590098590157
98,49.0,316.8259009859016,0,0.0,316.82590098590157
99,49.5,316.8259009859016,0,0.0,316.82590098590157
100,50.0,316.8259009859016,0,0.0,316.82590098590157
101,50.5,316.8259009859016,0,0.0,316.82590098590157
102,51.0,316.8259009859016,0,0.0,316.82590098590157
103,51.5,316.8259009859016,0,0.0,316.82590098590157
104,52.0,316.8259009859016,0,0.0,316.82590098590157
105,52.5,316.8259009859016,0,0.0,316.82590098590157
106,53.0,316.8259009859016,0,0.0,316.82590098590157
107,53.5,316.8259009859016,0,0.0,316.82590098590157
108,54.0,316.8259009859016,0,0.0,316.82590098590157
109,54.5,316.8259009859016,0,0.0,316.82590098590157
110,55.0,316.8259009859016,0,0.0,316.82590098590157
111,55.5,316.8259009859016,0,0.0,316.82590098590157
112,56.0,316.8259009859016,0,0.0,316.82590098590157
113,56.5,316.8259009859016,0,0.0,316.82590098590157
114,57.0,316.8259009859016,0,0.0,316.82590098590157
115,57.5,316.8259009859016,0,0.0,316.82590098590157
116,58.0,316.8259009859016,0,0.0,316.82590098590157
117,58.5,316.8259009859016,0,0.0,316.82590098590157
118,59.0,316.8259009859016,0,0.0,316.82590098590157
119,59.5,316.8259009859016,0,0.0,316.82590098590157
120,60.0,316.8259009859016,0,0.0,316.82590098590157
121,60.5,316.8259009859016,0,0.0,316.82590098590157
122,61.0,316.8259009859016,0,0.0,316.82590098590157
123,61.5,316.8259009859016,0,0.0,316.82590098590157
124,62.0,316.8259009859016,0,0.0,316.82590098590157
125,62.5,316.8259009859016,0,0.0,316.82590098590157
126,63.0,316.8259009859016,0,0.0,316.82590098590157
127,63.5,316.8259009859016,0,0.0,316.82590098590157
128,64.0,316.8259009859016,0,0.0,316.82590098590157
129,64.5,316.8259009859016,0,0.0,316.82590098590157
130,65.0,316.8259009859016,0,0.0,316.82590098590157
131,65.5,316.8259009859016,0,0.0,316.82590098590157
132,66.0,316.8259009859016,0,0.0,316.82590098590157
133,66.5,316.8259009859016,0,0.0,316.82590098590157
134,67.0,316.8259009859016,0,0.0,316.82590098590157
135,67.5,316.8259009859016,0,0.0,316.82590098590157
136,68.0,316.8259009859016,0,0.0,316.82590098590157
137,68.5,316.8259009859016,0,0.0,316.82590098590157
138,69.0,316.8259009859016,0,0.0,316.82590098590157
139,69.5,316.8259009859016,0,0.0,316.82590098590157
140,70.0,316.8259009859016,0,0.0,316.82590098590157
141,70.5,316.8259009859016,0,0.0,316.82590098590157
142,71.0,316.8259009859016,0,0.0,316.82590098590157
143,71.5,316.8259009859016,0,0.0,316.82590098590157
144,72.0,316.8259009859016,0,0.0,316.82590098590157
145,72.5,316.8259009859016,0,0.0,316.82590098590157
146,73.0,316.8259009859016,0,0.0,316.82590098590157
147,73.5,316.8259009859016,0,0.0,316.82590098590157
148,74.0,316.8259009859016,0,0.0,316.82590098590157
149,74.5,316.8259009859016,0,0.0,316.82590098590157
150,75.0,316.8259009859016,0,0.0,316.82590098590157
151,75.5,316.8259009859016,0,0.0,316.82590098590157
152,76.0,316.8259009859016,0,0.0,316.82590098590157
153,76.5,316.8259009859016,0,0.0,316.82590098590157
154,77.0,316.8259009859016,0,0.0,316.82590098590157
155,77.5,316.8259009859016,0,0.0,316.82590098590157
156,78.0,316.8259009859016,0,0.0,316.82590098590157
157,78.5,316.8259009859016,0,0.0,316.82590098590157
158,79.0,316.8259009859016,0,0.0,316.82590098590157
159,79.5,316.8259009859016,0,0.0,316.82590098590157
160,80.0,316.8259009859016,0,0.0,316.82590098590157
161,80.5,316.8259009859016,0,0.0,316.82590098590157
162,81.0,316.8259009859016,0,0.0,316.82590098590157
163,81.5,316.8259009859016,0,0.0,316.82590098590157
164,82.0,316.8259009859016,0,0.0,316.82590098590157
165,82.5,316.8259009859016,0,0.0,316.82590098590157
166,83.0,316.8259009859016,0,0.0,316.82590098590157
167,83.5,316.8259009859016,0,0.0,316.82590098590157
168,84.0,316.8259009859016,0,0.0,316.82590098590157
169,84.5,316.8259009859016,0,0.0,316.82590098590157
170,85.0,316.8259009859016,0,0.0,316.82590098590157
171,85.5,316.8259009859016,0,0.0,316.82590098590157
172,86.0,316.8259009859016,0,0.0,316.82590098590157
173,86.5,316.8259009859016,0,0.0,316.82590098590157
174,87.0,316.8259009859016,0,0.0,316.82590098590157
175,87.5,316.8259009859016,0,0.0,316.82590098590157
176,88.0,316.8259009859016,0,0.0,316.82590098590157
177,88.5,316.8259009859016,0,0.0,316.82590098590157
178,89.0,316.8259009859016,0,0.0,316.82590098590157
179,89.5,316.8259009859016,0,0.0,316.82590098590157
180,90.0,316.8259009859016,0,0.0,316.82590098590157
181,90.5,316.8259009859016,0,0.0,316.82590098590157
182,91.0,316.8259009859016,0,0.0,316.82590098590157
183,91.5,316.8259009859016,0,0.0,316.82590098590157
184,92.0,316.8259009859016,0,0.0,316.82590098590157
185,92.5,316.8259009859016,0,0.0,316.82590098590157
186,93.0,316.8259009859016,0,0.0,316.82590098590157
187,93.5,316.8259009859016,0,0.0,316.82590098590157
188,94.0,316.8259009859016,0,0.0,316.82590098590157
189,94.5,316.8259009859016,0,0.0,316.82590098590157
190,95.0,316.8259009859016,0,0.0,316.82590098590157
191,95.5,316.8259009859016,0,0.0,316.82590098590157
192,96.0,316.8259009859016,0,0.0,316.82590098590157
193,96.5,316.8259009859016,0,0.0,316.82590098590157
194,97.0,316.8259009859016,0,0.0,316.82590098590157
195,97.5,316.8259009859016,0,0.0,316.82590098590157
196,98.0,316.8259009859016,0,0.0,316.82590098590157
197,98.5,316.8259009859016,0,0.0,316.82590098590157
198,99.0,316.8259009859016,0,0.0,316.82590098590157
199,99.5,316.8259009859016,0,0.0,316.82590098590157
200,100.0,316.8259009859016,0,0.0,316.82590098590157
201,100.5,316.8259009859016,0,0.0,316.82590098590157
202,101.0,316.8259009859016,0,0.0,316.82590098590157
203,101.5,316.8259009859016,0,0.0,316.82590098590157
204,102.0,316.8259009859016,0,0.0,316.82590098590157
205,102.5,316.8259009859016,0,0.0,316.82590098590157
206,103.0,316.8259009859016,0,0.0,316.82590098590157
207,103.5,316.8259009859016,0,0.0,316.82590098590157
208,104.0,316.8259009859016,0,0.0,316.82590098590157
209,104.5,316.8259009859016,0,0.0,316.82590098590157
210,105.0,316.8259009859016,0,0.0,316.82590098590157
211,105.5,316.8259009859016,0,0.0,316.82590098590157
212,106.0,316.8259009859016,0,0.0,316.82590098590157
213,106.5,316.8259009859016,0,0.0,316.82590098590157
214,107.0,316.8259009859016,0,0.0,316.82590098590157
215,107.5,316.8259009859016,0,0.0,316.82590098590157
216,108.0,316.8259009859016,0,0.0,316.82590098590157
217,108.5,316.8259009859016,0,0.0,316.82590098590157
218,109.0,316.8259009859016,0,0.0,316.82590098590157
219,109.5,316.8259009859016,0,0.0,316.82590098590157
220,110.0,316.8259009859016,0,0.0,316.82590098590157
221,110.5,316.8259009859016,0,0.0,316.82590098590157
222,111.0,316.8259009859016,0,0.0,316.82590098590157
223,111.5,316.8259009859016,0,0.0,316.82590098590157
224,112.0,316.8259009859016,0,0.0,316.82590098590157
225,112.5,316.8259009859016,0,0.0,316.82590098590157
226,113.0,316.8259009859016,0,0.0,316.82590098590157
227,113.5,316.8259009859016,0,0.0,316.82590098590157
228,114.0,316.8259009859016,0,0.0,316.82590098590157
229,114.5,316.8259009859016,0,0.0,316.82590098590157
230,115.0,316.8259009859016,0,0.0,316.82590098590157
231,115.5,316.8259009859016,0,0.0,316.82590098590157
232,116.0,316.8259009859016,0,0.0,316.82590098590157
233,116.5,316.8259009859016,0,0.0,316.82590098590157
234,117.0,316.8259009859016,0,0.0,316.82590098590157
235,117.5,316.8259009859016,0,0.0,316.82590098590157
236,118.0,316.8259009859016,0,0.0,316.82590098590157
237,118.5,316.8259009859016,0,0.0,316.82590098590157
238,119.0,316.8259009859016,0,0.0,316.82590098590157
239,119.5,316.8259009859016,0,0.0,316.82590098590157
240,120.0,316.8259009859016,0,0.0,316.82590098590157
241,120.5,316.8259009859016,0,0.0,316.82590098590157
242,121.0,316.8259009859016,0,0.0,316.82590098590157
243,121.5,316.8259009859016,0,0.0,316.82590098590157
244,122.0,316.8259009859016,0,0.0,316.82590098590157
245,122.5,316.8259009859016,0,0.0,316.82590098590157
246,123.0,316.8259009859016,0,0.0,316.82590098590157
247,123.5,316.8259009859016,0,0.0,316.82590098590157
248,124.0,316.8259009859016,0,0.0,316.82590098590157
249,124.5,316.8259009859016,0,0.0,316.82590098590157
250,125.0,316.8259009859016,0,0.0,316.82590098590157
251,125.5,316.8259009859016,0,0.0,316.82590098590157
252,126.0,316.8259009859016,0,0.0,316.82590098590157
253,126.5,316.8259009859016,0,0.0,316.82590098590157
254,127.0,316.8259009859016,0,0.0,316.82590098590157
255,127.5,316.8259009859016,0,0.0,316.82590098590157
256,128.0,316.8259009859016,0,0.0,316.82590098590157
257,128.5,316.8259009859016,0,0.0,316.82590098590157
258,129.0,316.8259009859016,0,0.0,316.82590098590157
259,129.5,316.8259009859016,0,0.0,316.82590098590157
260,130.0,316.8259009859016,0,0.0,316.82590098590157
261,130.5,316.8259009859016,0,0.0,316.82590098590157
262,131.0,316.8259009859016,0,0.0,316.82590098590157
263,131.5,316.8259009859016,0,0.0,316.82590098590157
264,132.0,316.8259009859016,0,0.0,316.82590098590157
265,132.5,316.8259009859016,0,0.0,316.82590098590157
266,133.0,316.8259009859016,0,0.0,316.82590098590157
267,133.5,316.8259009859016,0,0.0,316.82590098590157
268,134.0,316.8259009859016,0,0.0,316.82590098590157
269,134.5,316.8259009859016,0,0.0,316.82590098590157
270,135.0,316.8259009859016,0,0.0,316.82590098590157
271,135.5,316.8259009859016,0,0.0,316.82590098590157
272,136.0,316.8259009859016,0,0.0,316.82590098590157
273,136.5,316.8259009859016,0,0.0,316.82590098590157
274,137.0,316.8259009859016,0,0.0,316.82590098590157
275,137.5,316.8259009859016,0,0.0,316.82590098590157
276,138.0,316.8259009859016,0,0.0,316.82590098590157
277,138.5,316.8259009859016,0,0.0,316.82590098590157
278,139.0,316.8259009859016,0,0.0,316.82590098590157
279,139.5,316.8259009859016,0,0.0,316.82590098590157
280,140.0,316.8259009859016,0,0.0,316.82590098590157
281,140.5,316.8259009859016,0,0.0,316.82590098590157
282,141.0,316.8259009859016,0,0.0,316.82590098590157
283,141.5,316.8259009859016,0,0.0,316.82590098590157
284,142.0,316.8259009859016,0,0.0,316.82590098590157
285,142.5,316.8259009859016,0,0.0,316.82590098590157
286,143.0,316.8259009859016,0,0.0,316.82590098590157
287,143.5,316.8259009859016,0,0.0,316.82590098590157
288,144.0,316.8259009859016,0,0.0,316.82590098590157
289,144.5,316.8259009859016,0,0.0,316.82590098590157
290,145.0,316.8259009859016,0,0.0,316.82590098590157
291,145.5,316.8259009859016,0,0.0,316.82590098590157
292,146.0,316.8259009859016,0,0.0,316.82590098590157
293,146.5,316.8259009859016,0,0.0,316.82590098590157
294,147.0,316.8259009859016,0,0.0,316.82590098590157
295,147.5,316.8259009859016,0,0.0,316.82590098590157
296,148.0,316.8259009859016,0,0.0,316.82590098590157
297,148.5,316.8259009859016,0,0.0,316.82590098590157
298,149.0,316.8259009859016,0,0.0,316.82590098590157
299,149.5,316.8259009859016,0,0.0,316.82590098590157
300,150.0,316.8259009859016,0,0.0,316.82590098590157
301,150.5,316.8259009859016,0,0.0,316.82590098590157
302,151.0,316.8259009859016,0,0.0,316.82590098590157
303,151.5,316.8259009859016,0,0.0,316.82590098590157
304,152.0,316.8259009859016,0,0.0,316.82590098590157
305,152.5,316.8259009859016,0,0.0,316.82590098590157
306,153.0,316.8259009859016,0,0.0,316.82590098590157
307,153.5,316.8259009859016,0,0.0,316.82590098590157
308,154.0,316.8259009859016,0,0.0,316.82590098590157
309,154.5,316.8259009859016,0,0.0,316.82590098590157
310,155.0,316.8259009859016,0,0.0,316.82590098590157
311,155.5,316.8259009859016,0,0.0,316.82590098590157
312,156.0,316.8259009859016,0,0.0,316.82590098590157
313,156.5,316.8259009859016,0,0.0,316.82590098590157
314,157.0,316.8259009859016,0,0.0,316.82590098590157
315,157.5,316.8259009859016,0,0.0,316.82590098590157
316,158.0,316.8259009859016,0,0.0,316.82590098590157
317,158.5,316.8259009859016,0,0.0,316.82590098590157
318,159.0,316.8259009859016,0,0.0,316.82590098590157
319,159.5,316.8259009859016,0,0.0,316.82590098590157
320,160.0,316.8259009859016,0,0.0,316.82590098590157
321,160.5,316.8259009859016,0,0.0,316.82590098590157
322,161.0,316.8259009859016,0,0.0,316.82590098590157
323,161.5,316.8259009859016,0,0.0,316.82590098590157
324,162.0,316.8259009859016,0,0.0,316.82590098590157
325,162.5,316.8259009859016,0,0.0,316.82590098590157
326,163.0,316.8259009859016,0,0.0,316.82590098590157
327,163.5,316.8259009859016,0,0.0,316.82590098590157
328,164.0,316.8259009859016,0,0.0,316.82590098590157
329,164.5,316.8259009859016,0,0.0,316.82590098590157
330,165.0,316.8259009859016,0,0.0,316.82590098590157
331,165.5,316.8259009859016,0,0.0,316.82590098590157
332,166.0,316.8259009859016,0,0.0,316.82590098590157
333,166.5,316.8259009859016,0,0.0,316.82590098590157
334,167.0,316.8259009859016,0,0.0,316.82590098590157
335,167.5,316.8259009859016,0,0.0,316.82590098590157
336,168.0,316.8259009859016,0,0.0,316.82590098590157
337,168.5,316.8259009859016,0,0.0,316.82590098590157
338,169.0,316.8259009859016,0,0.0,316.82590098590157
339,169.5,316.8259009859016,0,0.0,316.82590098590157
340,170.0,316.8259009859016,0,0.0,316.82590098590157
341,170.5,316.8259009859016,0,0.0,316.82590098590157
342,171.0,316.8259009859016,0,0.0,316.82590098590157
343,171.5,316.8259009859016,0,0.0,316.82590098590157
344,172.0,316.8259009859016,0,0.0,316.82590098590157
345,172.5,316.8259009859016,0,0.0,316.82590098590157
346,173.0,316.8259009859016,0,0.0,316.82590098590157
347,173.5,316.8259009859016,0,0.0,316.82590098590157
348,174.0,316.8259009859016,0,0.0,316.82590098590157
349,174.5,316.8259009859016,0,0.0,316.82590098590157
350,175.0,316.8259009859016,0,0.0,316.82590098590157
351,175.5,316.8259009859016,0,0.0,316.82590098590157
352,176.0,316.8259009859016,0,0.0,316.82590098590157
353,176.5,316.8259009859016,0,0.0,316.82590098590157
354,177.0,316.8259009859016,0,0.0,316.82590098590157
355,177.5,316.8259009859016,0,0.0,316.82590098590157
356,178.0,316.8259009859016,0,0.0,316.82590098590157
357,178.5,316.8259009859016,0,0.0,316.82590098590157
358,179.0,316.8259009859016,0,0.0,316.82590098590157
359,179.5,316.8259009859016,0,0.0,316.82590098590157
360,180.0,316.8259009859016,0,0.0,316.82590098590157
361,180.5,316.8259009859016,0,0.0,316.82590098590157
362,181.0,316.8259009859016,0,0.0,316.82590098590157
363,181.5,316.8259009859016,0,0.0,316.82590098590157
364,182.0,316.8259009859016,0,0.0,316.82590098590157
365,182.5,316.8259009859016,0,0.0,316.82590098590157
366,183.0,316.8259009859016,0,0.0,316.82590098590157
367,183.5,316.8259009859016,0,0.0,316.82590098590157
368,184.0,316.8259009859016,0,0.0,316.82590098590157
369,184.5,316.8259009859016,0,0.0,316.82590098590157
370,185.0,316.8259009859016,0,0.0,316.82590098590157
371,185.5,316.8259009859016,0,0.0,316.82590098590157
372,186.0,316.8259009859016,0,0.0,316.82590098590157
373,186.5,316.8259009859016,0,0.0,316.82590098590157
374,187.0,316.8259009859016,0,0.0,316.82590098590157
375,187.5,316.8259009859016,0,0.0,316.82590098590157
376,188.0,316.8259009859016,0,0.0,316.82590098590157
377,188.5,316.8259009859016,0,0.0,316.82590098590157
378,189.0,316.8259009859016,0,0.0,316.82590098590157
379,189.5,316.8259009859016,0,0.0,316.82590098590157
380,190.0,316.8259009859016,0,0.0,316.82590098590157
381,190.5,316.8259009859016,0,0.0,316.82590098590157
382,191.0,316.8259009859016,0,0.0,316.82590098590157
383,191.5,316.8259009859016,0,0.0,316.82590098590157
384,192.0,316.8259009859016,0,0.0,316.82590098590157
385,192.5,316.8259009859016,0,0.0,316.82590098590157
386,193.0,316.8259009859016,0,0.0,316.82590098590157
387,193.5,316.8259009859016,0,0.0,316.82590098590157
388,194.0,316.8259009859016,0,0.0,316.82590098590157
389,194.5,316.8259009859016,0,0.0,316.82590098590157
390,195.0,316.8259009859016,0,0.0,316.82590098590157
391,195.5,316.8259009859016,0,0.0,316.82590098590157
392,196.0,316.8259009859016,0,0.0,316.82590098590157
393,196.5,316.8259009859016,0,0.0,316.82590098590157
394,197.0,316.8259009859016,0,0.0,316.82590098590157
395,197.5,316.8259009859016,0,0.0,316.82590098590157
396,198.0,316.8259009859016,0,0.0,316.82590098590157
397,198.5,316.8259009859016,0,0.0,316.82590098590157
398,199.0,316.8259009859016,0,0.0,316.82590098590157
399,199.5,316.8259009859016,0,0.0,316.82590098590157
400,200.0,316.8259009859016,0,0.0,316.82590098590157
401,200.5,316.8259009859016,0,0.0,316.82590098590157
402,201.0,316.8259009859016,0,0.0,316.82590098590157
403,201.5,316.8259009859016,0,0.0,316.82590098590157
404,202.0,316.8259009859016,0,0.0,316.82590098590157
405,202.5,316.8259009859016,0,0.0,316.82590098590157
406,203.0,316.8259009859016,0,0.0,316.82590098590157
407,203.5,316.8259009859016,0,0.0,316.82590098590157
408,204.0,316.8259009859016,0,0.0,316.82590098590157
409,204.5,316.8259009859016,0,0.0,316.82590098590157
410,205.0,316.8259009859016,0,0.0,316.82590098590157
411,205.5,316.8259009859016,0,0.0,316.82590098590157
412,206.0,316.8259009859016,0,0.0,316.82590098590157
413,206.5,316.8259009859016,0,0.0,316.82590098590157
414,207.0,316.8259009859016,0,0.0,316.82590098590157
415,207.5,316.8259009859016,0,0.0,316.82590098590157
416,208.0,316.8259009859016,0,0.0,316.82590098590157
417,208.5,316.8259009859016,0,0.0,316.82590098590157
418,209.0,316.8259009859016,0,0.0,316.82590098590157
419,209.5,316.8259009859016,0,0.0,316.82590098590157
420,210.0,316.8259009859016,0,0.0,316.82590098590157
421,210.5,316.8259009859016,0,0.0,316.82590098590157
422,211.0,316.8259009859016,0,0.0,316.82590098590157
423,211.5,316.8259009859016,0,0.0,316.82590098590157
424,212.0,316.8259009859016,0,0.0,316.82590098590157
425,212.5,316.8259009859016,0,0.0,316.82590098590157
426,213.0,316.8259009859016,0,0.0,316.82590098590157
427,213.5,316.8259009859016,0,0.0,316.82590098590157
428,214.0,316.8259009859016,0,0.0,316.82590098590157
429,214.5,316.8259009859016,0,0.0,316.82590098590157
430,215.0,316.8259009859016,0,0.0,316.82590098590157
431,215.5,316.8259009859016,0,0.0,316.82590098590157
432,216.0,316.8259009859016,0,0.0,316.82590098590157
433,216.5,316.8259009859016,0,0.0,316.82590098590157
434,217.0,316.8259009859016,0,0.0,316.82590098590157
435,217.5,316.8259009859016,0,0.0,316.82590098590157
436,218.0,316.8259009859016,0,0.0,316.82590098590157
437,218.5,316.8259009859016,0,0.0,316.82590098590157
438,219.0,316.8259009859016,0,0.0,316.82590098590157
439,219.5,316.8259009859016,0,0.0,316.82590098590157
440,220.0,316.8259009859016,0,0.0,316.82590098590157
441,220.5,316.8259009859016,0,0.0,316.82590098590157
442,221.0,316.8259009859016,0,0.0,316.82590098590157
443,221.5,316.8259009859016,0,0.0,316.82590098590157
444,222.0,316.8259009859016,0,0.0,316.82590098590157
445,222.5,316.8259009859016,0,0.0,316.82590098590157
446,223.0,316.8259009859016,0,0.0,316.82590098590157
447,223.5,316.8259009859016,0,0.0,316.82590098590157
448,224.0,316.8259009859016,0,0.0,316.82590098590157
449,224.5,316.8259009859016,0,0.0,316.82590098590157
450,225.0,316.8259009859016,0,0.0,316.82590098590157
451,225.5,316.8259009859016,0,0.0,316.82590098590157
452,226.0,316.8259009859016,0,0.0,316.82590098590157
453,226.5,316.8259009859016,0,0.0,316.82590098590157
454,227.0,316.8259009859016,0,0.0,316.82590098590157
455,227.5,316.8259009859016,0,0.0,316.82590098590157
456,228.0,316.8259009859016,0,0.0,316.82590098590157
457,228.5,316.8259009859016,0,0.0,316.82590098590157
458,229.0,316.8259009859016,0,0.0,316.82590098590157
459,229.5,316.8259009859016,0,0.0,316.82590098590157
460,230.0,316.8259009859016,0,0.0,316.82590098590157
461,230.5,316.8259009859016,0,0.0,316.82590098590157
462,231.0,316.8259009859016,0,0.0,316.82590098590157
463,231.5,316.8259009859016,0,0.0,316.82590098590157
464,232.0,316.8259009859016,0,0.0,316.82590098590157
465,232.5,316.8259009859016,0,0.0,316.82590098590157
466,233.0,316.8259009859016,0,0.0,316.82590098590157
467,233.5,316.8259009859016,0,0.0,316.82590098590157
468,234.0,316.8259009859016,0,0.0,316.82590098590157
469,234.5,316.8259009859016,0,0.0,316.82590098590157
470,235.0,316.8259009859016,0,0.0,316.82590098590157
471,235.5,316.8259009859016,0,0.0,316.82590098590157
472,236.0,316.8259009859016,0,0.0,316.82590098590157
473,236.5,316.8259009859016,0,0.0,316.82590098590157
474,237.0,316.8259009859016,0,0.0,316.82590098590157
475,237.5,316.8259009859016,0,0.0,316.82590098590157
476,238.0,316.8259009859016,0,0.0,316.82590098590157
477,238.5,316.8259009859016,0,0.0,316.82590098590157
478,239.0,316.8259009859016,0,0.0,316.82590098590157
479,239.5,316.8259009859016,0,0.0,316.82590098590157
480,240.0,316.8259009859016,0,0.0,316.82590098590157
481,240.5,316.8259009859016,0,0.0,316.82590098590157
482,241.0,316.8259009859016,0,0.0,316.82590098590157
483,241.5,316.8259009859016,0,0.0,316.82590098590157
484,242.0,316.8259009859016,0,0.0,316.82590098590157
485,242.5,316.8259009859016,0,0.0,316.82590098590157
486,243.0,316.8259009859016,0,0.0,316.82590098590157
487,243.5,316.8259009859016,0,0.0,316.82590098590157
488,244.0,316.8259009859016,0,0.0,316.82590098590157
489,244.5,316.8259009859016,0,0.0,316.82590098590157
490,245.0,316.8259009859016,0,0.0,316.82590098590157
491,245.5,316.8259009859016,0,0.0,316.82590098590157
492,246.0,316.8259009859016,0,0.0,316.82590098590157
493,246.5,316.8259009859016,0,0.0,316.82590098590157
494,247.0,316.8259009859016,0,0.0,316.82590098590157
495,247.5,316.8259009859016,0,0.0,316.82590098590157
496,248.0,316.8259009859016,0,0.0,316.82590098590157
497,248.5,316.8259009859016,0,0.0,316.82590098590157
498,249.0,316.8259009859016,0,0.0,316.82590098590157
499,249.5,316.8259009859016,0,0.0,316.82590098590157
500,250.0,316.8259009859016,0,0.0,316.82590098590157
501,250.5,316.8259009859016,0,0.0,316.82590098590157
502,251.0,316.8259009859016,0,0.0,316.82590098590157
503,251.5,316.8259009859016,0,0.0,316.82590098590157
504,252.0,316.8259009859016,0,0.0,316.82590098590157
505,252.5,316.8259009859016,0,0.0,316.82590098590157
506,253.0,316.8259009859016,0,0.0,316.82590098590157
507,253.5,316.8259009859016,0,0.0,316.82590098590157
508,254.0,316.8259009859016,0,0.0,316.82590098590157
509,254.5,316.8259009859016,0,0.0,316.82590098590157
510,255.0,316.8259009859016,0,0.0,316.82590098590157
511,255.5,316.8259009859016,0,0.0,316.82590098590157
512,256.0,316.8259009859016,0,0.0,316.82590098590157
513,256.5,316.8259009859016,0,0.0,316.82590098590157
514,257.0,316.8259009859016,0,0.0,316.82590098590157
515,257.5,316.8259009859016,0,0.0,316.82590098590157
516,258.0,316.8259009859016,0,0.0,316.82590098590157
517,258.5,316.8259009859016,0,0.0,316.82590098590157
518,259.0,316.8259009859016,0,0.0,316.82590098590157
519,259.5,316.8259009859016,0,0.0,316.82590098590157
520,260.0,316.8259009859016,0,0.0,316.82590098590157
521,260.5,316.8259009859016,0,0.0,316.82590098590157
522,261.0,316.8259009859016,0,0.0,316.82590098590157
523,261.5,316.8259009859016,0,0.0,316.82590098590157
524,262.0,316.8259009859016,0,0.0,316.82590098590157
525,262.5,316.8259009859016,0,0.0,316.82590098590157
526,263.0,316.8259009859016,0,0.0,316.82590098590157
527,263.5,316.8259009859016,0,0.0,316.82590098590157
528,264.0,316.8259009859016,0,0.0,316.82590098590157
529,264.5,316.8259009859016,0,0.0,316.82590098590157
530,265.0,316.8259009859016,0,0.0,316.82590098590157
531,265.5,316.8259009859016,0,0.0,316.82590098590157
532,266.0,316.8259009859016,0,0.0,316.82590098590157
533,266.5,316.8259009859016,0,0.0,316.82590098590157
534,267.0,316.8259009859016,0,0.0,316.82590098590157
535,267.5,316.8259009859016,0,0.0,316.82590098590157
536,268.0,316.8259009859016,0,0.0,316.82590098590157
537,268.5,316.8259009859016,0,0.0,316.82590098590157
538,269.0,316.8259009859016,0,0.0,316.82590098590157
539,269.5,316.8259009859016,0,0.0,316.82590098590157
540,270.0,316.8259009859016,0,0.0,316.82590098590157
541,270.5,316.8259009859016,0,0.0,316.82590098590157
542,271.0,316.8259009859016,0,0.0,316.82590098590157
543,271.5,316.8259009859016,0,0.0,316.82590098590157
544,272.0,316.8259009859016,0,0.0,316.82590098590157
545,272.5,316.8259009859016,0,0.0,316.82590098590157
546,273.0,316.8259009859016,0,0.0,316.82590098590157
547,273.5,316.8259009859016,0,0.0,316.82590098590157
548,274.0,316.8259009859016,0,0.0,316.82590098590157
549,274.5,316.8259009859016,0,0.0,316.82590098590157
550,275.0,316.8259009859016,0,0.0,316.82590098590157
551,275.5,316.8259009859016,0,0.0,316.82590098590157
552,276.0,316.8259009859016,0,0.0,316.82590098590157
553,276.5,316.8259009859016,0,0.0,316.82590098590157
554,277.0,316.8259009859016,0,0.0,316.82590098590157
555,277.5,316.8259009859016,0,0.0,316.82590098590157
556,278.0,316.8259009859016,0,0.0,316.82590098590157
557,278.5,316.8259009859016,0,0.0,316.82590098590157
558,279.0,316.8259009859016,0,0.0,316.82590098590157
559,279.5,316.8259009859016,0,0.0,316.82590098590157
560,280.0,316.8259009859016,0,0.0,316.82590098590157
561,280.5,316.8259009859016,0,0.0,316.82590098590157
562,281.0,316.8259009859016,0,0.0,316.82590098590157
563,281.5,316.8259009859016,0,0.0,316.82590098590157
564,282.0,316.8259009859016,0,0.0,316.82590098590157
565,282.5,316.8259009859016,0,0.0,316.82590098590157
566,283.0,316.8259009859016,0,0.0,316.82590098590157
567,283.5,316.8259009859016,0,0.0,316.82590098590157
568,284.0,316.8259009859016,0,0.0,316.82590098590157
569,284.5,316.8259009859016,0,0.0,316.82590098590157
570,285.0,316.8259009859016,0,0.0,316.82590098590157
571,285.5,316.8259009859016,0,0.0,316.82590098590157
572,286.0,316.8259009859016,0,0.0,316.82590098590157
573,286.5,316.8259009859016,0,0.0,316.82590098590157
574,287.0,316.8259009859016,0,0.0,316.82590098590157
575,287.5,316.8259009859016,0,0.0,316.82590098590157
576,288.0,316.8259009859016,0,0.0,316.82590098590157
577,288.5,316.8259009859016,0,0.0,316.82590098590157
578,289.0,316.8259009859016,0,0.0,316.82590098590157
579,289.5,316.8259009859016,0,0.0,316.82590098590157
580,290.0,316.8259009859016,0,0.0,316.82590098590157
581,290.5,316.8259009859016,0,0.0,316.82590098590157
582,291.0,316.8259009859016,0,0.0,316.82590098590157
583,291.5,316.8259009859016,0,0.0,316.82590098590157
584,292.0,316.8259009859016,0,0.0,316.82590098590157
585,292.5,316.8259009859016,0,0.0,316.82590098590157
586,293.0,316.8259009859016,0,0.0,316.82590098590157
587,293.5,316.8259009859016,0,0.0,316.82590098590157
588,294.0,316.8259009859016,0,0.0,316.82590098590157
589,294.5,316.8259009859016,0,0.0,316.82590098590157
590,295.0,316.8259009859016,0,0.0,316.82590098590157
591,295.5,316.8259009859016,0,0.0,316.82590098590157
592,296.0,316.8259009859016,0,0.0,316.82590098590157
593,296.5,316.8259009859016,0,0.0,316.82590098590157
594,297.0,316.8259009859016,0,0.0,316.82590098590157
595,297.5,316.8259009859016,0,0.0,316.82590098590157
596,298.0,316.8259009859016,0,0.0,316.82590098590157
597,298.5,316.8259009859016,0,0.0,316.82590098590157
598,299.0,316.8259009859016,0,0.0,316.82590098590157
599,299.5,316.8259009859016,0,0.0,316.82590098590157
600,300.0,316.8259009859016,0,0.0,316.82590098590157
601,300.5,316.8259009859016,0,0.0,316.82590098590157
602,301.0,316.8259009859016,0,0.0,316.82590098590157
603,301.5,316.8259009859016,0,0.0,316.82590098590157
604,302.0,316.8259009859016,0,0.0,316.82590098590157
605,302.5,316.8259009859016,0,0.0,316.82590098590157
606,303.0,316.8259009859016,0,0.0,316.82590098590157
607,303.5,316.8259009859016,0,0.0,316.82590098590157
608,304.0,316.8259009859016,0,0.0,316.82590098590157
609,304.5,316.8259009859016,0,0.0,316.82590098590157
610,305.0,316.8259009859016,0,0.0,316.82590098590157
611,305.5,316.8259009859016,0,0.0,316.82590098590157
612,306.0,316.8259009859016,0,0.0,316.82590098590157
613,306.5,316.8259009859016,0,0.0,316.82590098590157
614,307.0,316.8259009859016,0,0.0,316.82590098590157
615,307.5,316.8259009859016,0,0.0,316.82590098590157
616,308.0,316.8259009859016,0,0.0,316.82590098590157
617,308.5,316.8259009859016,0,0.0,316.82590098590157
618,309.0,316.8259009859016,0,0.0,316.82590098590157
619,309.5,316.8259009859016,0,0.0,316.82590098590157
620,310.0,316.8259009859016,0,0.0,316.82590098590157
621,310.5,316.8259009859016,0,0.0,316.82590098590157
622,311.0,316.8259009859016,0,0.0,316.82590098590157
623,311.5,316.8259009859016,0,0.0,316.82590098590157
624,312.0,316.8259009859016,0,0.0,316.82590098590157
625,312.5,316.8259009859016,0,0.0,316.82590098590157
626,313.0,316.8259009859016,0,0.0,316.82590098590157
627,313.5,316.8259009859016,0,0.0,316.82590098590157
628,314.0,316.8259009859016,0,0.0,316.82590098590157
629,314.5,316.8259009859016,0,0.0,316.82590098590157
630,315.0,316.8259009859016,0,0.0,316.82590098590157
631,315.5,316.8259009859016,0,0.0,316.82590098590157
632,316.0,316.8259009859016,0,0.0,316.82590098590157
633,316.5,316.8259009859016,0,0.0,316.82590098590157
634,317.0,316.8259009859016,0,0.0,316.82590098590157
635,317.5,316.8259009859016,0,0.0,316.82590098590157
636,318.0,316.8259009859016,0,0.0,316.82590098590157
637,318.5,316.8259009859016,0,0.0,316.82590098590157
638,319.0,316.8259009859016,0,0.0,316.82590098590157
639,319.5,316.8259009859016,0,0.0,316.82590098590157
640,320.0,316.8259009859016,0,0.0,316.82590098590157
641,320.5,316.8259009859016,0,0.0,316.82590098590157
642,321.0,316.8259009859016,0,0.0,316.82590098590157
643,321.5,316.8259009859016,0,0.0,316.82590098590157
644,322.0,316.8259009859016,0,0.0,316.82590098590157
645,322.5,316.8259009859016,0,0.0,316.82590098590157
646,323.0,316.8259009859016,0,0.0,316.82590098590157
647,323.5,316.8259009859016,0,0.0,316.82590098590157
648,324.0,316.8259009859016,0,0.0,316.82590098590157
649,324.5,316.8259009859016,0,0.0,316.82590098590157
650,325.0,316.8259009859016,0,0.0,316.82590098590157
651,325.5,316.8259009859016,0,0.0,316.82590098590157
652,326.0,316.8259009859016,0,0.0,316.82590098590157
653,326.5,316.8259009859016,0,0.0,316.82590098590157
654,327.0,316.8259009859016,0,0.0,316.82590098590157
655,327.5,316.8259009859016,0,0.0,316.82590098590157
656,328.0,316.8259009859016,0,0.0,316.82590098590157
657,328.5,316.8259009859016,0,0.0,316.82590098590157
658,329.0,316.8259009859016,0,0.0,316.82590098590157
659,329.5,316.8259009859016,0,0.0,316.82590098590157
660,330.0,316.8259009859016,0,0.0,316.82590098590157
661,330.5,316.8259009859016,0,0.0,316.82590098590157
662,331.0,316.8259009859016,0,0.0,316.82590098590157
663,331.5,316.8259009859016,0,0.0,316.82590098590157
664,332.0,316.8259009859016,0,0.0,316.82590098590157
665,332.5,316.8259009859016,0,0.0,316.82590098590157
666,333.0,316.8259009859016,0,0.0,316.82590098590157
667,333.5,316.8259009859016,0,0.0,316.82590098590157
668,334.0,316.8259009859016,0,0.0,316.82590098590157
669,334.5,316.8259009859016,0,0.0,316.82590098590157
670,335.0,316.8259009859016,0,0.0,316.82590098590157
671,335.5,316.8259009859016,0,0.0,316.82590098590157
672,336.0,316.8259009859016,0,0.0,316.82590098590157
673,336.5,316.8259009859016,0,0.0,316.82590098590157
674,337.0,316.8259009859016,0,0.0,316.82590098590157
675,337.5,316.8259009859016,0,0.0,316.82590098590157
676,338.0,316.8259009859016,0,0.0,316.82590098590157
677,338.5,316.8259009859016,0,0.0,316.82590098590157
678,339.0,316.8259009859016,0,0.0,316.82590098590157
679,339.5,316.8259009859016,0,0.0,316.82590098590157
680,340.0,316.8259009859016,0,0.0,316.82590098590157
681,340.5,316.8259009859016,0,0.0,316.82590098590157
682,341.0,316.8259009859016,0,0.0,316.82590098590157
683,341.5,316.8259009859016,0,0.0,316.82590098590157
684,342.0,316.8259009859016,0,0.0,316.82590098590157
685,342.5,316.8259009859016,0,0.0,316.82590098590157
686,343.0,316.8259009859016,0,0.0,316.82590098590157
687,343.5,316.8259009859016,0,0.0,316.82590098590157
688,344.0,316.8259009859016,0,0.0,316.82590098590157
689,344.5,316.8259009859016,0,0.0,316.82590098590157
690,345.0,316.8259009859016,0,0.0,316.82590098590157
691,345.5,316.8259009859016,0,0.0,316.82590098590157
692,346.0,316.8259009859016,0,0.0,316.82590098590157
693,346.5,316.8259009859016,0,0.0,316.82590098590157
694,347.0,316.8259009859016,0,0.0,316.82590098590157
695,347.5,316.8259009859016,0,0.0,316.82590098590157
696,348.0,316.8259009859016,0,0.0,316.82590098590157
697,348.5,316.8259009859016,0,0.0,316.82590098590157
698,349.0,316.8259009859016,0,0.0,316.82590098590157
699,349.5,316.8259009859016,0,0.0,316.82590098590157
700,350.0,316.8259009859016,0,0.0,316.82590098590157
701,350.5,316.8259009859016,0,0.0,316.82590098590157
702,351.0,316.8259009859016,0,0.0,316.82590098590157
703,351.5,316.8259009859016,0,0.0,316.82590098590157
704,352.0,316.8259009859016,0,0.0,316.82590098590157
705,352.5,316.8259009859016,0,0.0,316.82590098590157
706,353.0,316.8259009859016,0,0.0,316.82590098590157
707,353.5,316.8259009859016,0,0.0,316.82590098590157
708,354.0,316.8259009859016,0,0.0,316.82590098590157
709,354.5,316.8259009859016,0,0.0,316.82590098590157
710,355.0,316.8259009859016,0,0.0,316.82590098590157
711,355.5,316.8259009859016,0,0.0,316.82590098590157
712,356.0,316.8259009859016,0,0.0,316.82590098590157
713,356.5,316.8259009859016,0,0.0,316.82590098590157
714,357.0,316.8259009859016,0,0.0,316.82590098590157
715,357.5,316.8259009859016,0,0.0,316.82590098590157
716,358.0,316.8259009859016,0,0.0,316.82590098590157
717,358.5,316.8259009859016,0,0.0,316.82590098590157
718,359.0,316.8259009859016,0,0.0,316.82590098590157
719,359.5,316.8259009859016,0,0.0,316.82590098590157
720,360.0,316.8259009859016,0,0.0,316.82590098590157
721,360.5,316.8259009859016,0,0.0,316.82590098590157
722,361.0,316.8259009859016,0,0.0,316.82590098590157
723,361.5,316.8259009859016,0,0.0,316.82590098590157
724,362.0,316.8259009859016,0,0.0,316.82590098590157
725,362.5,316.8259009859016,0,0.0,316.82590098590157
726,363.0,316.8259009859016,0,0.0,316.82590098590157
727,363.5,316.8259009859016,0,0.0,316.82590098590157
728,364.0,316.8259009859016,0,0.0,316.82590098590157
729,364.5,316.8259009859016,0,0.0,316.82590098590157
730,365.0,316.8259009859016,0,0.0,316.82590098590157
731,365.5,316.8259009859016,0,0.0,316.82590098590157
732,366.0,316.8259009859016,0,0.0,316.82590098590157
733,366.5,316.8259009859016,0,0.0,316.82590098590157
734,367.0,316.8259009859016,0,0.0,316.82590098590157
735,367.5,316.8259009859016,0,0.0,316.82590098590157
736,368.0,316.8259009859016,0,0.0,316.82590098590157
737,368.5,316.8259009859016,0,0.0,316.82590098590157
738,369.0,316.8259009859016,0,0.0,316.82590098590157
739,369.5,316.8259009859016,0,0.0,316.82590098590157
740,370.0,316.8259009859016,0,0.0,316.82590098590157
741,370.5,316.8259009859016,0,0.0,316.82590098590157
742,371.0,316.8259009859016,0,0.0,316.82590098590157
743,371.5,316.8259009859016,0,0.0,316.82590098590157
744,372.0,316.8259009859016,0,0.0,316.82590098590157
745,372.5,316.8259009859016,0,0.0,316.82590098590157
746,373.0,316.8259009859016,0,0.0,316.82590098590157
747,373.5,316.8259009859016,0,0.0,316.82590098590157
748,374.0,316.8259009859016,0,0.0,316.82590098590157
749,374.5,316.8259009859016,0,0.0,316.82590098590157
750,375.0,316.8259009859016,0,0.0,316.82590098590157
751,375.5,316.8259009859016,0,0.0,316.82590098590157
752,376.0,316.8259009859016,0,0.0,316.82590098590157
753,376.5,316.8259009859016,0,0.0,316.82590098590157
754,377.0,316.8259009859016,0,0.0,316.82590098590157
755,377.5,316.8259009859016,0,0.0,316.82590098590157
756,378.0,316.8259009859016,0,0.0,316.82590098590157
757,378.5,316.8259009859016,0,0.0,316.82590098590157
758,379.0,316.8259009859016,0,0.0,316.82590098590157
759,379.5,316.8259009859016,0,0.0,316.82590098590157
760,380.0,316.8259009859016,0,0.0,316.82590098590157
761,380.5,316.8259009859016,0,0.0,316.82590098590157
762,381.0,316.8259009859016,0,0.0,316.82590098590157
763,381.5,316.8259009859016,0,0.0,316.82590098590157
764,382.0,316.8259009859016,0,0.0,316.82590098590157
765,382.5,316.8259009859016,0,0.0,316.82590098590157
766,383.0,316.8259009859016,0,0.0,316.82590098590157
767,383.5,316.8259009859016,0,0.0,316.82590098590157
768,384.0,316.8259009859016,0,0.0,316.82590098590157
769,384.5,316.8259009859016,0,0.0,316.82590098590157
770,385.0,316.8259009859016,0,0.0,316.82590098590157
771,385.5,316.8259009859016,0,0.0,316.82590098590157
772,386.0,316.8259009859016,0,0.0,316.82590098590157
773,386.5,316.8259009859016,0,0.0,316.82590098590157
774,387.0,316.8259009859016,0,0.0,316.82590098590157
775,387.5,316.8259009859016,0,0.0,316.82590098590157
776,388.0,316.8259009859016,0,0.0,316.82590098590157
777,388.5,316.8259009859016,0,0.0,316.82590098590157
778,389.0,316.8259009859016,0,0.0,316.82590098590157
779,389.5,316.8259009859016,0,0.0,316.82590098590157
780,390.0,316.8259009859016,0,0.0,316.82590098590157
781,390.5,316.8259009859016,0,0.0,316.82590098590157
782,391.0,316.8259009859016,0,0.0,316.82590098590157
783,391.5,316.8259009859016,0,0.0,316.82590098590157
784,392.0,316.8259009859016,0,0.0,316.82590098590157
785,392.5,316.8259009859016,0,0.0,316.82590098590157
786,393.0,316.8259009859016,0,0.0,316.82590098590157
787,393.5,316.8259009859016,0,0.0,316.82590098590157
788,394.0,316.8259009859016,0,0.0,316.82590098590157
789,394.5,316.8259009859016,0,0.0,316.82590098590157
790,395.0,316.8259009859016,0,0.0,316.82590098590157
791,395.5,316.8259009859016,0,0.0,316.82590098590157
792,396.0,316.8259009859016,0,0.0,316.82590098590157
793,396.5,316.8259009859016,0,0.0,316.82590098590157
794,397.0,316.8259009859016,0,0.0,316.82590098590157
795,397.5,316.8259009859016,0,0.0,316.82590098590157
796,398.0,316.8259009859016,0,0.0,316.82590098590157
797,398.5,316.8259009859016,0,0.0,316.82590098590157
798,399.0,316.8259009859016,0,0.0,316.82590098590157
799,399.5,316.8259009859016,0,0.0,316.82590098590157
800,400.0,316.8259009859016,0,0.0,316.82590098590157
801,400.5,316.8259009859016,0,0.0,316.82590098590157
802,401.0,316.8259009859016,0,0.0,316.82590098590157
803,401.5,316.8259009859016,0,0.0,316.82590098590157
804,402.0,316.8259009859016,0,0.0,316.82590098590157
805,402.5,316.8259009859016,0,0.0,316.82590098590157
806,403.0,316.8259009859016,0,0.0,316.82590098590157
807,403.5,316.8259009859016,0,0.0,316.82590098590157
808,404.0,316.8259009859016,0,0.0,316.82590098590157
809,404.5,316.8259009859016,0,0.0,316.82590098590157
810,405.0,316.8259009859016,0,0.0,316.82590098590157
811,405.5,316.8259009859016,0,0.0,316.82590098590157
812,406.0,316.8259009859016,0,0.0,316.82590098590157
813,406.5,316.8259009859016,0,0.0,316.82590098590157
814,407.0,316.8259009859016,0,0.0,316.82590098590157
815,407.5,316.8259009859016,0,0.0,316.82590098590157
816,408.0,316.8259009859016,0,0.0,316.82590098590157
817,408.5,316.8259009859016,0,0.0,316.82590098590157
818,409.0,316.8259009859016,0,0.0,316.82590098590157
819,409.5,316.8259009859016,0,0.0,316.82590098590157
820,410.0,316.8259009859016,0,0.0,316.82590098590157
821,410.5,316.8259009859016,0,0.0,316.82590098590157
822,411.0,316.8259009859016,0,0.0,316.82590098590157
823,411.5,316.8259009859016,0,0.0,316.82590098590157
824,412.0,316.8259009859016,0,0.0,316.82590098590157
825,412.5,316.8259009859016,0,0.0,316.82590098590157
826,413.0,316.8259009859016,0,0.0,316.82590098590157
827,413.5,316.8259009859016,0,0.0,316.82590098590157
828,414.0,316.8259009859016,0,0.0,316.82590098590157
829,414.5,316.8259009859016,0,0.0,316.82590098590157
830,415.0,316.8259009859016,0,0.0,316.82590098590157
831,415.5,316.8259009859016,0,0.0,316.82590098590157
832,416.0,316.8259009859016,0,0.0,316.82590098590157
833,416.5,316.8259009859016,0,0.0,316.82590098590157
834,417.0,316.8259009859016,0,0.0,316.82590098590157
835,417.5,316.8259009859016,0,0.0,316.82590098590157
836,418.0,316.8259009859016,0,0.0,316.82590098590157
837,418.5,316.8259009859016,0,0.0,316.82590098590157
838,419.0,316.8259009859016,0,0.0,316.82590098590157
839,419.5,316.8259009859016,0,0.0,316.82590098590157
840,420.0,316.8259009859016,0,0.0,316.82590098590157
841,420.5,316.8259009859016,0,0.0,316.82590098590157
842,421.0,316.8259009859016,0,0.0,316.82590098590157
843,421.5,316.8259009859016,0,0.0,316.82590098590157
844,422.0,316.8259009859016,0,0.0,316.82590098590157
845,422.5,316.8259009859016,0,0.0,316.82590098590157
846,423.0,316.8259009859016,0,0.0,316.82590098590157
847,423.5,316.8259009859016,0,0.0,316.82590098590157
848,424.0,316.8259009859016,0,0.0,316.82590098590157
849,424.5,316.8259009859016,0,0.0,316.82590098590157
850,425.0,316.8259009859016,0,0.0,316.82590098590157
851,425.5,316.8259009859016,0,0.0,316.82590098590157
852,426.0,316.8259009859016,0,0.0,316.82590098590157
853,426.5,316.8259009859016,0,0.0,316.82590098590157
854,427.0,316.8259009859016,0,0.0,316.82590098590157
855,427.5,316.8259009859016,0,0.0,316.82590098590157
856,428.0,316.8259009859016,0,0.0,316.82590098590157
857,428.5,316.8259009859016,0,0.0,316.82590098590157
858,429.0,316.8259009859016,0,0.0,316.82590098590157
859,429.5,316.8259009859016,0,0.0,316.82590098590157
860,430.0,316.8259009859016,0,0.0,316.82590098590157
861,430.5,316.8259009859016,0,0.0,316.82590098590157
862,431.0,316.8259009859016,0,0.0,316.82590098590157
863,431.5,316.8259009859016,0,0.0,316.82590098590157
864,432.0,316.8259009859016,0,0.0,316.82590098590157
865,432.5,316.8259009859016,0,0.0,316.82590098590157
866,433.0,316.8259009859016,0,0.0,316.82590098590157
867,433.5,316.8259009859016,0,0.0,316.82590098590157
868,434.0,316.8259009859016,0,0.0,316.82590098590157
869,434.5,316.8259009859016,0,0.0,316.82590098590157
870,435.0,316.8259009859016,0,0.0,316.82590098590157
871,435.5,316.8259009859016,0,0.0,316.82590098590157
872,436.0,316.8259009859016,0,0.0,316.82590098590157
873,436.5,316.8259009859016,0,0.0,316.82590098590157
874,437.0,316.8259009859016,0,0.0,316.82590098590157
875,437.5,316.8259009859016,0,0.0,316.82590098590157
876,438.0,316.8259009859016,0,0.0,316.82590098590157
877,438.5,316.8259009859016,0,0.0,316.82590098590157
878,439.0,316.8259009859016,0,0.0,316.82590098590157
879,439.5,316.8259009859016,0,0.0,316.82590098590157
880,440.0,316.8259009859016,0,0.0,316.82590098590157
881,440.5,316.8259009859016,0,0.0,316.82590098590157
882,441.0,316.8259009859016,0,0.0,316.82590098590157
883,441.5,316.8259009859016,0,0.0,316.82590098590157
884,442.0,316.8259009859016,0,0.0,316.82590098590157
885,442.5,316.8259009859016,0,0.0,316.82590098590157
886,443.0,316.8259009859016,0,0.0,316.82590098590157
887,443.5,316.8259009859016,0,0.0,316.82590098590157
888,444.0,316.8259009859016,0,0.0,316.82590098590157
889,444.5,316.8259009859016,0,0.0,316.82590098590157
890,445.0,316.8259009859016,0,0.0,316.82590098590157
891,445.5,316.8259009859016,0,0.0,316.82590098590157
892,446.0,316.8259009859016,0,0.0,316.82590098590157
893,446.5,316.8259009859016,0,0.0,316.82590098590157
894,447.0,316.8259009859016,0,0.0,316.82590098590157
895,447.5,316.8259009859016,0,0.0,316.82590098590157
896,448.0,316.8259009859016,0,0.0,316.82590098590157
897,448.5,316.8259009859016,0,0.0,316.82590098590157
898,449.0,316.8259009859016,0,0.0,316.82590098590157
899,449.5,316.8259009859016,0,0.0,316.82590098590157
900,450.0,316.8259009859016,0,0.0,316.82590098590157
901,450.5,316.8259009859016,0,0.0,316.82590098590157
902,451.0,316.8259009859016,0,0.0,316.82590098590157
903,451.5,316.8259009859016,0,0.0,316.82590098590157
904,452.0,316.8259009859016,0,0.0,316.82590098590157
905,452.5,316.8259009859016,0,0.0,316.82590098590157
906,453.0,316.8259009859016,0,0.0,316.82590098590157
907,453.5,316.8259009859016,0,0.0,316.82590098590157
908,454.0,316.8259009859016,0,0.0,316.82590098590157
909,454.5,316.8259009859016,0,0.0,316.82590098590157
910,455.0,316.8259009859016,0,0.0,316.82590098590157
911,455.5,316.8259009859016,0,0.0,316.82590098590157
912,456.0,316.8259009859016,0,0.0,316.82590098590157
913,456.5,316.8259009859016,0,0.0,316.82590098590157
914,457.0,316.8259009859016,0,0.0,316.82590098590157
915,457.5,316.8259009859016,0,0.0,316.82590098590157
916,458.0,316.8259009859016,0,0.0,316.82590098590157
917,458.5,316.8259009859016,0,0.0,316.82590098590157
918,459.0,316.8259009859016,0,0.0,316.82590098590157
919,459.5,316.8259009859016,0,0.0,316.82590098590157
920,460.0,316.8259009859016,0,0.0,316.82590098590157
921,460.5,316.8259009859016,0,0.0,316.82590098590157
922,461.0,316.8259009859016,0,0.0,316.82590098590157
923,461.5,316.8259009859016,0,0.0,316.82590098590157
924,462.0,316.8259009859016,0,0.0,316.82590098590157
925,462.5,316.8259009859016,0,0.0,316.82590098590157
926,463.0,316.8259009859016,0,0.0,316.82590098590157
927,463.5,316.8259009859016,0,0.0,316.82590098590157
928,464.0,316.8259009859016,0,0.0,316.82590098590157
929,464.5,316.8259009859016,0,0.0,316.82590098590157
930,465.0,316.8259009859016,0,0.0,316.82590098590157
931,465.5,316.8259009859016,0,0.0,316.82590098590157
932,466.0,316.8259009859016,0,0.0,316.82590098590157
933,466.5,316.8259009859016,0,0.0,316.82590098590157
934,467.0,316.8259009859016,0,0.0,316.82590098590157
935,467.5,316.8259009859016,0,0.0,316.82590098590157
936,468.0,316.8259009859016,0,0.0,316.82590098590157
937,468.5,316.8259009859016,0,0.0,316.82590098590157
938,469.0,316.8259009859016,0,0.0,316.82590098590157
939,469.5,316.8259009859016,0,0.0,316.82590098590157
940,470.0,316.8259009859016,0,0.0,316.82590098590157
941,470.5,316.8259009859016,0,0.0,316.82590098590157
942,471.0,316.8259009859016,0,0.0,316.82590098590157
943,471.5,316.8259009859016,0,0.0,316.82590098590157
944,472.0,316.8259009859016,0,0.0,316.82590098590157
945,472.5,316.8259009859016,0,0.0,316.82590098590157
946,473.0,316.8259009859016,0,0.0,316.82590098590157
947,473.5,316.8259009859016,0,0.0,316.82590098590157
948,474.0,316.8259009859016,0,0.0,316.82590098590157
949,474.5,316.8259009859016,0,0.0,316.82590098590157
950,475.0,316.8259009859016,0,0.0,316.82590098590157
951,475.5,316.8259009859016,0,0.0,316.82590098590157
952,476.0,316.8259009859016,0,0.0,316.82590098590157
953,476.5,316.8259009859016,0,0.0,316.82590098590157
954,477.0,316.8259009859016,0,0.0,316.82590098590157
955,477.5,316.8259009859016,0,0.0,316.82590098590157
956,478.0,316.8259009859016,0,0.0,316.82590098590157
957,478.5,316.8259009859016,0,0.0,316.82590098590157
958,479.0,316.8259009859016,0,0.0,316.82590098590157
959,479.5,316.8259009859016,0,0.0,316.82590098590157
960,480.0,316.8259009859016,0,0.0,316.82590098590157
961,480.5,316.8259009859016,0,0.0,316.82590098590157
962,481.0,316.8259009859016,0,0.0,316.82590098590157
963,481.5,316.8259009859016,0,0.0,316.82590098590157
964,482.0,316.8259009859016,0,0.0,316.82590098590157
965,482.5,316.8259009859016,0,0.0,316.82590098590157
966,483.0,316.8259009859016,0,0.0,316.82590098590157
967,483.5,316.8259009859016,0,0.0,316.82590098590157
968,484.0,316.8259009859016,0,0.0,316.82590098590157
969,484.5,316.8259009859016,0,0.0,316.82590098590157
970,485.0,316.8259009859016,0,0.0,316.82590098590157
971,485.5,316.8259009859016,0,0.0,316.82590098590157
972,486.0,316.8259009859016,0,0.0,316.82590098590157
973,486.5,316.8259009859016,0,0.0,316.82590098590157
974,487.0,316.8259009859016,0,0.0,316.82590098590157
975,487.5,316.8259009859016,0,0.0,316.82590098590157
976,488.0,316.8259009859016,0,0.0,316.82590098590157
977,488.5,316.8259009859016,0,0.0,316.82590098590157
978,489.0,316.8259009859016,0,0.0,316.82590098590157
979,489.5,316.8259009859016,0,0.0,316.82590098590157
980,490.0,316.8259009859016,0,0.0,316.82590098590157
981,490.5,316.8259009859016,0,0.0,316.82590098590157
982,491.0,316.8259009859016,0,0.0,316.82590098590157
983,491.5,316.8259009859016,0,0.0,316.82590098590157
984,492.0,316.8259009859016,0,0.0,316.82590098590157
985,492.5,316.8259009859016,0,0.0,316.82590098590157
986,493.0,316.8259009859016,0,0.0,316.82590098590157
987,493.5,316.8259009859016,0,0.0,316.82590098590157
988,494.0,316.8259009859016,0,0.0,316.82590098590157
989,494.5,316.8259009859016,0,0.0,316.82590098590157
990,495.0,316.8259009859016,0,0.0,316.82590098590157
991,495.5,316.8259009859016,0,0.0,316.82590098590157
992,496.0,316.8259009859016,0,0.0,316.82590098590157
993,496.5,316.8259009859016,0,0.0,316.82590098590157
994,497.0,316.8259009859016,0,0.0,316.82590098590157
995,497.5,316.8259009859016,0,0.0,316.82590098590157
996,498.0,316.8259009859016,0,0.0,316.82590098590157
997,498.5,316.8259009859016,0,0.0,316.82590098590157
998,499.0,316.8259009859016,0,0.0,316.82590098590157
999,499.5,316.8259009859016,0,0.0,316.82590098590157
1000,500.0,316.8259009859016,0,0.0,316.82590098590157
1001,500.5,316.8259009859016,0,0.0,316.82590098590157
1002,501.0,316.8259009859016,0,0.0,316.82590098590157
1003,501.5,316.8259009859016,0,0.0,316.82590098590157
1004,502.0,316.8259009859016,0,0.0,316.82590098590157
1005,502.5,316.8259009859016,0,0.0,316.82590098590157
1006,503.0,316.8259009859016,0,0.0,316.82590098590157
1007,503.5,316.8259009859016,0,0.0,316.82590098590157
1008,504.0,316.8259009859016,0,0.0,316.82590098590157
1009,504.5,316.8259009859016,0,0.0,316.82590098590157
1010,505.0,316.8259009859016,0,0.0,316.82590098590157
1011,505.5,316.8259009859016,0,0.0,316.82590098590157
1012,506.0,316.8259009859016,0,0.0,316.82590098590157
1013,506.5,316.8259009859016,0,0.0,316.82590098590157
1014,507.0,316.8259009859016,0,0.0,316.82590098590157
1015,507.5,316.8259009859016,0,0.0,316.82590098590157
1016,508.0,316.8259009859016,0,0.0,316.82590098590157
1017,508.5,316.8259009859016,0,0.0,316.82590098590157
1018,509.0,316.8259009859016,0,0.0,316.82590098590157
1019,509.5,316.8259009859016,0,0.0,316.82590098590157
1020,510.0,316.8259009859016,0,0.0,316.82590098590157
1021,510.5,316.8259009859016,0,0.0,316.82590098590157
1022,511.0,316.8259009859016,0,0.0,316.82590098590157
1023,511.5,316.8259009859016,0,0.0,316.82590098590157
1024,512.0,316.8259009859016,0,0.0,316.82590098590157
1025,512.5,316.8259009859016,0,0.0,316.82590098590157
1026,513.0,316.8259009859016,0,0.0,316.82590098590157
1027,513.5,316.8259009859016,0,0.0,316.82590098590157
1028,514.0,316.8259009859016,0,0.0,316.82590098590157
1029,514.5,316.8259009859016,0,0.0,316.82590098590157
1030,515.0,316.8259009859016,0,0.0,316.82590098590157
1031,515.5,316.8259009859016,0,0.0,316.82590098590157
1032,516.0,316.8259009859016,0,0.0,316.82590098590157
1033,516.5,316.8259009859016,0,0.0,316.82590098590157
1034,517.0,316.8259009859016,0,0.0,316.82590098590157
1035,517.5,316.8259009859016,0,0.0,316.82590098590157
1036,518.0,316.8259009859016,0,0.0,316.82590098590157
1037,518.5,316.8259009859016,0,0.0,316.82590098590157
1038,519.0,316.8259009859016,0,0.0,316.82590098590157
1039,519.5,316.8259009859016,0,0.0,316.82590098590157
1040,520.0,316.8259009859016,0,0.0,316.82590098590157
1041,520.5,316.8259009859016,0,0.0,316.82590098590157
1042,521.0,316.8259009859016,0,0.0,316.82590098590157
1043,521.5,316.8259009859016,0,0.0,316.82590098590157
1044,522.0,316.8259009859016,0,0.0,316.82590098590157
1045,522.5,316.8259009859016,0,0.0,316.82590098590157
1046,523.0,316.8259009859016,0,0.0,316.82590098590157
1047,523.5,316.8259009859016,0,0.0,316.82590098590157
1048,524.0,316.8259009859016,0,0.0,316.82590098590157
1049,524.5,316.8259009859016,0,0.0,316.82590098590157
1050,525.0,316.8259009859016,0,0.0,316.82590098590157
1051,525.5,316.8259009859016,0,0.0,316.82590098590157
1052,526.0,316.8259009859016,0,0.0,316.82590098590157
1053,526.5,316.8259009859016,0,0.0,316.82590098590157
1054,527.0,316.8259009859016,0,0.0,316.82590098590157
1055,527.5,316.8259009859016,0,0.0,316.82590098590157
1056,528.0,316.8259009859016,0,0.0,316.82590098590157
1057,528.5,316.8259009859016,0,0.0,316.82590098590157
1058,529.0,316.8259009859016,0,0.0,316.82590098590157
1059,529.5,316.8259009859016,0,0.0,316.82590098590157
1060,530.0,316.8259009859016,0,0.0,316.82590098590157
1061,530.5,316.8259009859016,0,0.0,316.82590098590157
1062,531.0,316.8259009859016,0,0.0,316.82590098590157
1063,531.5,316.8259009859016,0,0.0,316.82590098590157
1064,532.0,316.8259009859016,0,0.0,316.82590098590157
1065,532.5,316.8259009859016,0,0.0,316.82590098590157
1066,533.0,316.8259009859016,0,0.0,316.82590098590157
1067,533.5,316.8259009859016,0,0.0,316.82590098590157
1068,534.0,316.8259009859016,0,0.0,316.82590098590157
1069,534.5,316.8259009859016,0,0.0,316.82590098590157
1070,535.0,316.8259009859016,0,0.0,316.82590098590157
1071,535.5,316.8259009859016,0,0.0,316.82590098590157
1072,536.0,316.8259009859016,0,0.0,316.82590098590157
1073,536.5,316.8259009859016,0,0.0,316.82590098590157
1074,537.0,316.8259009859016,0,0.0,316.82590098590157
1075,537.5,316.8259009859016,0,0.0,316.82590098590157
1076,538.0,316.8259009859016,0,0.0,316.82590098590157
1077,538.5,316.8259009859016,0,0.0,316.82590098590157
1078,539.0,316.8259009859016,0,0.0,316.82590098590157
1079,539.5,316.8259009859016,0,0.0,316.82590098590157
1080,540.0,316.8259009859016,0,0.0,316.82590098590157
1081,540.5,316.8259009859016,0,0.0,316.82590098590157
1082,541.0,316.8259009859016,0,0.0,316.82590098590157
1083,541.5,316.8259009859016,0,0.0,316.82590098590157
1084,542.0,316.8259009859016,0,0.0,316.82590098590157
1085,542.5,316.8259009859016,0,0.0,316.82590098590157
1086,543.0,316.8259009859016,0,0.0,316.82590098590157
1087,543.5,316.8259009859016,0,0.0,316.82590098590157
1088,544.0,316.8259009859016,0,0.0,316.82590098590157
1089,544.5,316.8259009859016,0,0.0,316.82590098590157
1090,545.0,316.8259009859016,0,0.0,316.82590098590157
1091,545.5,316.8259009859016,0,0.0,316.82590098590157
1092,546.0,316.8259009859016,0,0.0,316.82590098590157
1093,546.5,316.8259009859016,0,0.0,316.82590098590157
1094,547.0,316.8259009859016,0,0.0,316.82590098590157
1095,547.5,316.8259009859016,0,0.0,316.82590098590157
1096,548.0,316.8259009859016,0,0.0,316.82590098590157
1097,548.5,316.8259009859016,0,0.0,316.82590098590157
1098,549.0,316.8259009859016,0,0.0,316.82590098590157
1099,549.5,316.8259009859016,0,0.0,316.82590098590157
1100,550.0,316.8259009859016,0,0.0,316.82590098590157
1101,550.5,316.8259009859016,0,0.0,316.82590098590157
1102,551.0,316.8259009859016,0,0.0,316.82590098590157
1103,551.5,316.8259009859016,0,0.0,316.82590098590157
1104,552.0,316.8259009859016,0,0.0,316.82590098590157
1105,552.5,316.8259009859016,0,0.0,316.82590098590157
1106,553.0,316.8259009859016,0,0.0,316.82590098590157
1107,553.5,316.8259009859016,0,0.0,316.82590098590157
1108,554.0,316.8259009859016,0,0.0,316.82590098590157
1109,554.5,316.8259009859016,0,0.0,316.82590098590157
1110,555.0,316.8259009859016,0,0.0,316.82590098590157
1111,555.5,316.8259009859016,0,0.0,316.82590098590157
1112,556.0,316.8259009859016,0,0.0,316.82590098590157
1113,556.5,316.8259009859016,0,0.0,316.82590098590157
1114,557.0,316.8259009859016,0,0.0,316.82590098590157
1115,557.5,316.8259009859016,0,0.0,316.82590098590157
1116,558.0,316.8259009859016,0,0.0,316.82590098590157
1117,558.5,316.8259009859016,0,0.0,316.82590098590157
1118,559.0,316.8259009859016,0,0.0,316.82590098590157
1119,559.5,316.8259009859016,0,0.0,316.82590098590157
1120,560.0,316.8259009859016,0,0.0,316.82590098590157
1121,560.5,316.8259009859016,0,0.0,316.82590098590157
1122,561.0,316.8259009859016,0,0.0,316.82590098590157
1123,561.5,316.8259009859016,0,0.0,316.82590098590157
1124,562.0,316.8259009859016,0,0.0,316.82590098590157
1125,562.5,316.8259009859016,0,0.0,316.82590098590157
1126,563.0,316.8259009859016,0,0.0,316.82590098590157
1127,563.5,316.8259009859016,0,0.0,316.82590098590157
1128,564.0,316.8259009859016,0,0.0,316.82590098590157
1129,564.5,316.8259009859016,0,0.0,316.82590098590157
1130,565.0,316.8259009859016,0,0.0,316.82590098590157
1131,565.5,316.8259009859016,0,0.0,316.82590098590157
1132,566.0,316.8259009859016,0,0.0,316.82590098590157
1133,566.5,316.8259009859016,0,0.0,316.82590098590157
1134,567.0,316.8259009859016,0,0.0,316.82590098590157
1135,567.5,316.8259009859016,0,0.0,316.82590098590157
1136,568.0,316.8259009859016,0,0.0,316.82590098590157
1137,568.5,316.8259009859016,0,0.0,316.82590098590157
1138,569.0,316.8259009859016,0,0.0,316.82590098590157
1139,569.5,316.8259009859016,0,0.0,316.82590098590157
1140,570.0,316.8259009859016,0,0.0,316.82590098590157
1141,570.5,316.8259009859016,0,0.0,316.82590098590157
1142,571.0,316.8259009859016,0,0.0,316.82590098590157
1143,571.5,316.8259009859016,0,0.0,316.82590098590157
1144,572.0,316.8259009859016,0,0.0,316.82590098590157
1145,572.5,316.8259009859016,0,0.0,316.82590098590157
1146,573.0,316.8259009859016,0,0.0,316.82590098590157
1147,573.5,316.8259009859016,0,0.0,316.82590098590157
1148,574.0,316.8259009859016,0,0.0,316.82590098590157
1149,574.5,316.8259009859016,0,0.0,316.82590098590157
1150,575.0,316.8259009859016,0,0.0,316.82590098590157
1151,575.5,316.8259009859016,0,0.0,316.82590098590157
1152,576.0,316.8259009859016,0,0.0,316.82590098590157
1153,576.5,316.8259009859016,0,0.0,316.82590098590157
1154,577.0,316.8259009859016,0,0.0,316.82590098590157
1155,577.5,316.8259009859016,0,0.0,316.82590098590157
1156,578.0,316.8259009859016,0,0.0,316.82590098590157
1157,578.5,316.8259009859016,0,0.0,316.82590098590157
1158,579.0,316.8259009859016,0,0.0,316.82590098590157
1159,579.5,316.8259009859016,0,0.0,316.82590098590157
1160,580.0,316.8259009859016,0,0.0,316.82590098590157
1161,580.5,316.8259009859016,0,0.0,316.82590098590157
1162,581.0,316.8259009859016,0,0.0,316.82590098590157
1163,581.5,316.8259009859016,0,0.0,316.82590098590157
1164,582.0,316.8259009859016,0,0.0,316.82590098590157
1165,582.5,316.8259009859016,0,0.0,316.82590098590157
1166,583.0,316.8259009859016,0,0.0,316.82590098590157
1167,583.5,316.8259009859016,0,0.0,316.82590098590157
1168,584.0,316.8259009859016,0,0.0,316.82590098590157
1169,584.5,316.8259009859016,0,0.0,316.82590098590157
1170,585.0,316.8259009859016,0,0.0,316.82590098590157
1171,585.5,316.8259009859016,0,0.0,316.82590098590157
1172,586.0,316.8259009859016,0,0.0,316.82590098590157
1173,586.5,316.8259009859016,0,0.0,316.82590098590157
1174,587.0,316.8259009859016,0,0.0,316.82590098590157
1175,587.5,316.8259009859016,0,0.0,316.82590098590157
1176,588.0,316.8259009859016,0,0.0,316.82590098590157
1177,588.5,316.8259009859016,0,0.0,316.82590098590157
1178,589.0,316.8259009859016,0,0.0,316.82590098590157
1179,589.5,316.8259009859016,0,0.0,316.82590098590157
1180,590.0,316.8259009859016,0,0.0,316.82590098590157
1181,590.5,316.8259009859016,0,0.0,316.82590098590157
1182,591.0,316.8259009859016,0,0.0,316.82590098590157
1183,591.5,316.8259009859016,0,0.0,316.82590098590157
1184,592.0,316.8259009859016,0,0.0,316.82590098590157
1185,592.5,316.8259009859016,0,0.0,316.82590098590157
1186,593.0,316.8259009859016,0,0.0,316.82590098590157
1187,593.5,316.8259009859016,0,0.0,316.82590098590157
1188,594.0,316.8259009859016,0,0.0,316.82590098590157
1189,594.5,316.8259009859016,0,0.0,316.82590098590157
1190,595.0,316.8259009859016,0,0.0,316.82590098590157
1191,595.5,316.8259009859016,0,0.0,316.82590098590157
1192,596.0,316.8259009859016,0,0.0,316.82590098590157
1193,596.5,316.8259009859016,0,0.0,316.82590098590157
1194,597.0,316.8259009859016,0,0.0,316.82590098590157
1195,597.5,316.8259009859016,0,0.0,316.82590098590157
1196,598.0,316.8259009859016,0,0.0,316.82590098590157
1197,598.5,316.8259009859016,0,0.0,316.82590098590157
1198,599.0,316.8259009859016,0,0.0,316.82590098590157
1199,599.5,316.8259009859016,0,0.0,316.82590098590157
1200,600.0,316.8259009859016,0,0.0,316.82590098590157
1201,600.5,316.8259009859016,0,0.0,316.82590098590157
1202,601.0,316.8259009859016,0,0.0,316.82590098590157
1203,601.5,316.8259009859016,0,0.0,316.82590098590157
1204,602.0,316.8259009859016,0,0.0,316.82590098590157
1205,602.5,316.8259009859016,0,0.0,316.82590098590157
1206,603.0,316.8259009859016,0,0.0,316.82590098590157
1207,603.5,316.8259009859016,0,0.0,316.82590098590157
1208,604.0,316.8259009859016,0,0.0,316.82590098590157
1209,604.5,316.8259009859016,0,0.0,316.82590098590157
1210,605.0,316.8259009859016,0,0.0,316.82590098590157
1211,605.5,316.8259009859016,0,0.0,316.82590098590157
1212,606.0,316.8259009859016,0,0.0,316.82590098590157
1213,606.5,316.8259009859016,0,0.0,316.82590098590157
1214,607.0,316.8259009859016,0,0.0,316.82590098590157
1215,607.5,316.8259009859016,0,0.0,316.82590098590157
1216,608.0,316.8259009859016,0,0.0,316.82590098590157
1217,608.5,316.8259009859016,0,0.0,316.82590098590157
1218,609.0,316.8259009859016,0,0.0,316.82590098590157
1219,609.5,316.8259009859016,0,0.0,316.82590098590157
1220,610.0,316.8259009859016,0,0.0,316.82590098590157
1221,610.5,316.8259009859016,0,0.0,316.82590098590157
1222,611.0,316.8259009859016,0,0.0,316.82590098590157
1223,611.5,316.8259009859016,0,0.0,316.82590098590157
1224,612.0,316.8259009859016,0,0.0,316.82590098590157
1225,612.5,316.8259009859016,0,0.0,316.82590098590157
1226,613.0,316.8259009859016,0,0.0,316.82590098590157
1227,613.5,316.8259009859016,0,0.0,316.82590098590157
1228,614.0,316.8259009859016,0,0.0,316.82590098590157
1229,614.5,316.8259009859016,0,0.0,316.82590098590157
1230,615.0,316.8259009859016,0,0.0,316.82590098590157
1231,615.5,316.8259009859016,0,0.0,316.82590098590157
1232,616.0,316.8259009859016,0,0.0,316.82590098590157
1233,616.5,316.8259009859016,0,0.0,316.82590098590157
1234,617.0,316.8259009859016,0,0.0,316.82590098590157
1235,617.5,316.8259009859016,0,0.0,316.82590098590157
1236,618.0,316.8259009859016,0,0.0,316.82590098590157
1237,618.5,316.8259009859016,0,0.0,316.82590098590157
1238,619.0,316.8259009859016,0,0.0,316.82590098590157
1239,619.5,316.8259009859016,0,0.0,316.82590098590157
1240,620.0,316.8259009859016,0,0.0,316.82590098590157
1241,620.5,316.8259009859016,0,0.0,316.82590098590157
1242,621.0,316.8259009859016,0,0.0,316.82590098590157
1243,621.5,316.8259009859016,0,0.0,316.82590098590157
1244,622.0,316.8259009859016,0,0.0,316.82590098590157
1245,622.5,316.8259009859016,0,0.0,316.82590098590157
1246,623.0,316.8259009859016,0,0.0,316.82590098590157
1247,623.5,316.8259009859016,0,0.0,316.82590098590157
1248,624.0,316.8259009859016,0,0.0,316.82590098590157
1249,624.5,316.8259009859016,0,0.0,316.82590098590157
1250,625.0,316.8259009859016,0,0.0,316.82590098590157
1251,625.5,316.8259009859016,0,0.0,316.82590098590157
1252,626.0,316.8259009859016,0,0.0,316.82590098590157
1253,626.5,316.8259009859016,0,0.0,316.82590098590157
1254,627.0,316.8259009859016,0,0.0,316.82590098590157
1255,627.5,316.8259009859016,0,0.0,316.82590098590157
1256,628.0,316.8259009859016,0,0.0,316.82590098590157
1257,628.5,316.8259009859016,0,0.0,316.82590098590157
1258,629.0,316.8259009859016,0,0.0,316.82590098590157
1259,629.5,316.8259009859016,0,0.0,316.82590098590157
1260,630.0,316.8259009859016,0,0.0,316.82590098590157
1261,630.5,316.8259009859016,0,0.0,316.82590098590157
1262,631.0,316.8259009859016,0,0.0,316.82590098590157
1263,631.5,316.8259009859016,0,0.0,316.82590098590157
1264,632.0,316.8259009859016,0,0.0,316.82590098590157
1265,632.5,316.8259009859016,0,0.0,316.82590098590157
1266,633.0,316.8259009859016,0,0.0,316.82590098590157
1267,633.5,316.8259009859016,0,0.0,316.82590098590157
1268,634.0,316.8259009859016,0,0.0,316.82590098590157
1269,634.5,316.8259009859016,0,0.0,316.82590098590157
1270,635.0,316.8259009859016,0,0.0,316.82590098590157
1271,635.5,316.8259009859016,0,0.0,316.82590098590157
1272,636.0,316.8259009859016,0,0.0,316.82590098590157
1273,636.5,316.8259009859016,0,0.0,316.82590098590157
1274,637.0,316.8259009859016,0,0.0,316.82590098590157
1275,637.5,316.8259009859016,0,0.0,316.82590098590157
1276,638.0,316.8259009859016,0,0.0,316.82590098590157
1277,638.5,316.8259009859016,0,0.0,316.82590098590157
1278,639.0,316.8259009859016,0,0.0,316.82590098590157
1279,639.5,316.8259009859016,0,0.0,316.82590098590157
1280,640.0,316.8259009859016,0,0.0,316.82590098590157
1281,640.5,316.8259009859016,0,0.0,316.82590098590157
1282,641.0,316.8259009859016,0,0.0,316.82590098590157
1283,641.5,316.8259009859016,0,0.0,316.82590098590157
1284,642.0,316.8259009859016,0,0.0,316.82590098590157
1285,642.5,316.8259009859016,0,0.0,316.82590098590157
1286,643.0,316.8259009859016,0,0.0,316.82590098590157
1287,643.5,316.8259009859016,0,0.0,316.82590098590157
1288,644.0,316.8259009859016,0,0.0,316.82590098590157
1289,644.5,316.8259009859016,0,0.0,316.82590098590157
1290,645.0,316.8259009859016,0,0.0,316.82590098590157
1291,645.5,316.8259009859016,0,0.0,316.82590098590157
1292,646.0,316.8259009859016,0,0.0,316.82590098590157
1293,646.5,316.8259009859016,0,0.0,316.82590098590157
1294,647.0,316.8259009859016,0,0.0,316.82590098590157
1295,647.5,316.8259009859016,0,0.0,316.82590098590157
1296,648.0,316.8259009859016,0,0.0,316.82590098590157
1297,648.5,316.8259009859016,0,0.0,316.82590098590157
1298,649.0,316.8259009859016,0,0.0,316.82590098590157
1299,649.5,316.8259009859016,0,0.0,316.82590098590157
1300,650.0,316.8259009859016,0,0.0,316.82590098590157
1301,650.5,316.8259009859016,0,0.0,316.82590098590157
1302,651.0,316.8259009859016,0,0.0,316.82590098590157
1303,651.5,316.8259009859016,0,0.0,316.82590098590157
1304,652.0,316.8259009859016,0,0.0,316.82590098590157
1305,652.5,316.8259009859016,0,0.0,316.82590098590157
1306,653.0,316.8259009859016,0,0.0,316.82590098590157
1307,653.5,316.8259009859016,0,0.0,316.82590098590157
1308,654.0,316.8259009859016,0,0.0,316.82590098590157
1309,654.5,316.8259009859016,0,0.0,316.82590098590157
1310,655.0,316.8259009859016,0,0.0,316.82590098590157
1311,655.5,316.8259009859016,0,0.0,316.82590098590157
1312,656.0,316.8259009859016,0,0.0,316.82590098590157
1313,656.5,316.8259009859016,0,0.0,316.82590098590157
1314,657.0,316.8259009859016,0,0.0,316.82590098590157
1315,657.5,316.8259009859016,0,0.0,316.82590098590157
1316,658.0,316.8259009859016,0,0.0,316.82590098590157
1317,658.5,316.8259009859016,0,0.0,316.82590098590157
1318,659.0,316.8259009859016,0,0.0,316.82590098590157
1319,659.5,316.8259009859016,0,0.0,316.82590098590157
1320,660.0,316.8259009859016,0,0.0,316.82590098590157
1321,660.5,316.8259009859016,0,0.0,316.82590098590157
1322,661.0,316.8259009859016,0,0.0,316.82590098590157
1323,661.5,316.8259009859016,0,0.0,316.82590098590157
1324,662.0,316.8259009859016,0,0.0,316.82590098590157
1325,662.5,316.8259009859016,0,0.0,316.82590098590157
1326,663.0,316.8259009859016,0,0.0,316.82590098590157
1327,663.5,316.8259009859016,0,0.0,316.82590098590157
1328,664.0,316.8259009859016,0,0.0,316.82590098590157
1329,664.5,316.8259009859016,0,0.0,316.82590098590157
1330,665.0,316.8259009859016,0,0.0,316.82590098590157
1331,665.5,316.8259009859016,0,0.0,316.82590098590157
1332,666.0,316.8259009859016,0,0.0,316.82590098590157
1333,666.5,316.8259009859016,0,0.0,316.82590098590157
1334,667.0,316.8259009859016,0,0.0,316.82590098590157
1335,667.5,316.8259009859016,0,0.0,316.82590098590157
1336,668.0,316.8259009859016,0,0.0,316.82590098590157
1337,668.5,316.8259009859016,0,0.0,316.82590098590157
1338,669.0,316.8259009859016,0,0.0,316.82590098590157
1339,669.5,316.8259009859016,0,0.0,316.82590098590157
1340,670.0,316.8259009859016,0,0.0,316.82590098590157
1341,670.5,316.8259009859016,0,0.0,316.82590098590157
1342,671.0,316.8259009859016,0,0.0,316.82590098590157
1343,671.5,316.8259009859016,0,0.0,316.82590098590157
1344,672.0,316.8259009859016,0,0.0,316.82590098590157
1345,672.5,316.8259009859016,0,0.0,316.82590098590157
1346,673.0,316.8259009859016,0,0.0,316.82590098590157
1347,673.5,316.8259009859016,0,0.0,316.82590098590157
1348,674.0,316.8259009859016,0,0.0,316.82590098590157
1349,674.5,316.8259009859016,0,0.0,316.82590098590157
1350,675.0,316.8259009859016,0,0.0,316.82590098590157
1351,675.5,316.8259009859016,0,0.0,316.82590098590157
1352,676.0,316.8259009859016,0,0.0,316.82590098590157
1353,676.5,316.8259009859016,0,0.0,316.82590098590157
1354,677.0,316.8259009859016,0,0.0,316.82590098590157
1355,677.5,316.8259009859016,0,0.0,316.82590098590157
1356,678.0,316.8259009859016,0,0.0,316.82590098590157
1357,678.5,316.8259009859016,0,0.0,316.82590098590157
1358,679.0,316.8259009859016,0,0.0,316.82590098590157
1359,679.5,316.8259009859016,0,0.0,316.82590098590157
1360,680.0,316.8259009859016,0,0.0,316.82590098590157
1361,680.5,316.8259009859016,0,0.0,316.82590098590157
1362,681.0,316.8259009859016,0,0.0,316.82590098590157
1363,681.5,316.8259009859016,0,0.0,316.82590098590157
1364,682.0,316.8259009859016,0,0.0,316.82590098590157
1365,682.5,316.8259009859016,0,0.0,316.82590098590157
1366,683.0,316.8259009859016,0,0.0,316.82590098590157
1367,683.5,316.8259009859016,0,0.0,316.82590098590157
1368,684.0,316.8259009859016,0,0.0,316.82590098590157
1369,684.5,316.8259009859016,0,0.0,316.82590098590157
1370,685.0,316.8259009859016,0,0.0,316.82590098590157
1371,685.5,316.8259009859016,0,0.0,316.82590098590157
1372,686.0,316.8259009859016,0,0.0,316.82590098590157
1373,686.5,316.8259009859016,0,0.0,316.82590098590157
1374,687.0,316.8259009859016,0,0.0,316.82590098590157
1375,687.5,316.8259009859016,0,0.0,316.82590098590157
1376,688.0,316.8259009859016,0,0.0,316.82590098590157
1377,688.5,316.8259009859016,0,0.0,316.82590098590157
1378,689.0,316.8259009859016,0,0.0,316.82590098590157
1379,689.5,316.8259009859016,0,0.0,316.82590098590157
1380,690.0,316.8259009859016,0,0.0,316.82590098590157
1381,690.5,316.8259009859016,0,0.0,316.82590098590157
1382,691.0,316.8259009859016,0,0.0,316.82590098590157
1383,691.5,316.8259009859016,0,0.0,316.82590098590157
1384,692.0,316.8259009859016,0,0.0,316.82590098590157
1385,692.5,316.8259009859016,0,0.0,316.82590098590157
1386,693.0,316.8259009859016,0,0.0,316.82590098590157
1387,693.5,316.8259009859016,0,0.0,316.82590098590157
1388,694.0,316.8259009859016,0,0.0,316.82590098590157
1389,694.5,316.8259009859016,0,0.0,316.82590098590157
1390,695.0,316.8259009859016,0,0.0,316.82590098590157
1391,695.5,316.8259009859016,0,0.0,316.82590098590157
1392,696.0,316.8259009859016,0,0.0,316.82590098590157
1393,696.5,316.8259009859016,0,0.0,316.82590098590157
1394,697.0,316.8259009859016,0,0.0,316.82590098590157
1395,697.5,316.8259009859016,0,0.0,316.82590098590157
1396,698.0,316.8259009859016,0,0.0,316.82590098590157
1397,698.5,316.8259009859016,0,0.0,316.82590098590157
1398,699.0,316.8259009859016,0,0.0,316.82590098590157
1399,699.5,316.8259009859016,0,0.0,316.82590098590157
1400,700.0,316.8259009859016,0,0.0,316.82590098590157
1401,700.5,316.8259009859016,0,0.0,316.82590098590157
1402,701.0,316.8259009859016,0,0.0,316.82590098590157
1403,701.5,316.8259009859016,0,0.0,316.82590098590157
1404,702.0,316.8259009859016,0,0.0,316.82590098590157
1405,702.5,316.8259009859016,0,0.0,316.82590098590157
1406,703.0,316.8259009859016,0,0.0,316.82590098590157
1407,703.5,316.8259009859016,0,0.0,316.82590098590157
1408,704.0,316.8259009859016,0,0.0,316.82590098590157
1409,704.5,316.8259009859016,0,0.0,316.82590098590157
1410,705.0,316.8259009859016,0,0.0,316.82590098590157
1411,705.5,316.8259009859016,0,0.0,316.82590098590157
1412,706.0,316.8259009859016,0,0.0,316.82590098590157
1413,706.5,316.8259009859016,0,0.0,316.82590098590157
1414,707.0,316.8259009859016,0,0.0,316.82590098590157
1415,707.5,316.8259009859016,0,0.0,316.82590098590157
1416,708.0,316.8259009859016,0,0.0,316.82590098590157
1417,708.5,316.8259009859016,0,0.0,316.82590098590157
1418,709.0,316.8259009859016,0,0.0,316.82590098590157
1419,709.5,316.8259009859016,0,0.0,316.82590098590157
1420,710.0,316.8259009859016,0,0.0,316.82590098590157
1421,710.5,316.8259009859016,0,0.0,316.82590098590157
1422,711.0,316.8259009859016,0,0.0,316.82590098590157
1423,711.5,316.8259009859016,0,0.0,316.82590098590157
1424,712.0,316.8259009859016,0,0.0,316.82590098590157
1425,712.5,316.8259009859016,0,0.0,316.82590098590157
1426,713.0,316.8259009859016,0,0.0,316.82590098590157
1427,713.5,316.8259009859016,0,0.0,316.82590098590157
1428,714.0,316.8259009859016,0,0.0,316.82590098590157
1429,714.5,316.8259009859016,0,0.0,316.82590098590157
1430,715.0,316.8259009859016,0,0.0,316.82590098590157
1431,715.5,316.8259009859016,0,0.0,316.82590098590157
1432,716.0,316.8259009859016,0,0.0,316.82590098590157
1433,716.5,316.8259009859016,0,0.0,316.82590098590157
1434,717.0,316.8259009859016,0,0.0,316.82590098590157
1435,717.5,316.8259009859016,0,0.0,316.82590098590157
1436,718.0,316.8259009859016,0,0.0,316.82590098590157
1437,718.5,316.8259009859016,0,0.0,316.82590098590157
1438,719.0,316.8259009859016,0,0.0,316.82590098590157
1439,719.5,316.8259009859016,0,0.0,316.82590098590157
1440,720.0,316.8259009859016,0,0.0,316.82590098590157
1441,720.5,316.8259009859016,0,0.0,316.82590098590157
1442,721.0,316.8259009859016,0,0.0,316.82590098590157
1443,721.5,316.8259009859016,0,0.0,316.82590098590157
1444,722.0,316.8259009859016,0,0.0,316.82590098590157
1445,722.5,316.8259009859016,0,0.0,316.82590098590157
1446,723.0,316.8259009859016,0,0.0,316.82590098590157
1447,723.5,316.8259009859016,0,0.0,316.82590098590157
1448,724.0,316.8259009859016,0,0.0,316.82590098590157
1449,724.5,316.8259009859016,0,0.0,316.82590098590157
1450,725.0,316.8259009859016,0,0.0,316.82590098590157
1451,725.5,316.8259009859016,0,0.0,316.82590098590157
1452,726.0,316.8259009859016,0,0.0,316.82590098590157
1453,726.5,316.8259009859016,0,0.0,316.82590098590157
1454,727.0,316.8259009859016,0,0.0,316.82590098590157
1455,727.5,316.8259009859016,0,0.0,316.82590098590157
1456,728.0,316.8259009859016,0,0.0,316.82590098590157
1457,728.5,316.8259009859016,0,0.0,316.82590098590157
1458,729.0,316.8259009859016,0,0.0,316.82590098590157
1459,729.5,316.8259009859016,0,0.0,316.82590098590157
1460,730.0,316.8259009859016,0,0.0,316.82590098590157
1461,730.5,316.8259009859016,0,0.0,316.82590098590157
1462,731.0,316.8259009859016,0,0.0,316.82590098590157
1463,731.5,316.8259009859016,0,0.0,316.82590098590157
1464,732.0,316.8259009859016,0,0.0,316.82590098590157
1465,732.5,316.8259009859016,0,0.0,316.82590098590157
1466,733.0,316.8259009859016,0,0.0,316.82590098590157
1467,733.5,316.8259009859016,0,0.0,316.82590098590157
1468,734.0,316.8259009859016,0,0.0,316.82590098590157
1469,734.5,316.8259009859016,0,0.0,316.82590098590157
1470,735.0,316.8259009859016,0,0.0,316.82590098590157
1471,735.5,316.8259009859016,0,0.0,316.82590098590157
1472,736.0,316.8259009859016,0,0.0,316.82590098590157
1473,736.5,316.8259009859016,0,0.0,316.82590098590157
1474,737.0,316.8259009859016,0,0.0,316.82590098590157
1475,737.5,316.8259009859016,0,0.0,316.82590098590157
1476,738.0,316.8259009859016,0,0.0,316.82590098590157
1477,738.5,316.8259009859016,0,0.0,316.82590098590157
1478,739.0,316.8259009859016,0,0.0,316.82590098590157
1479,739.5,316.8259009859016,0,0.0,316.82590098590157
1480,740.0,316.8259009859016,0,0.0,316.82590098590157
1481,740.5,316.8259009859016,0,0.0,316.82590098590157
1482,741.0,316.8259009859016,0,0.0,316.82590098590157
1483,741.5,316.8259009859016,0,0.0,316.82590098590157
1484,742.0,316.8259009859016,0,0.0,316.82590098590157
1485,742.5,316.8259009859016,0,0.0,316.82590098590157
1486,743.0,316.8259009859016,0,0.0,316.82590098590157
1487,743.5,316.8259009859016,0,0.0,316.82590098590157
1488,744.0,316.8259009859016,0,0.0,316.82590098590157
1489,744.5,316.8259009859016,0,0.0,316.82590098590157
1490,745.0,316.8259009859016,0,0.0,316.82590098590157
1491,745.5,316.8259009859016,0,0.0,316.82590098590157
1492,746.0,316.8259009859016,0,0.0,316.82590098590157
1493,746.5,316.8259009859016,0,0.0,316.82590098590157
1494,747.0,316.8259009859016,0,0.0,316.82590098590157
1495,747.5,316.8259009859016,0,0.0,316.82590098590157
1496,748.0,316.8259009859016,0,0.0,316.82590098590157
1497,748.5,316.8259009859016,0,0.0,316.82590098590157
1498,749.0,316.8259009859016,0,0.0,316.82590098590157
1499,749.5,316.8259009859016,0,0.0,316.82590098590157
1500,750.0,316.8259009859016,0,0.0,316.82590098590157
1501,750.5,316.8259009859016,0,0.0,316.82590098590157
1502,751.0,316.8259009859016,0,0.0,316.82590098590157
1503,751.5,316.8259009859016,0,0.0,316.82590098590157
1504,752.0,316.8259009859016,0,0.0,316.82590098590157
1505,752.5,316.8259009859016,0,0.0,316.82590098590157
1506,753.0,316.8259009859016,0,0.0,316.82590098590157
1507,753.5,316.8259009859016,0,0.0,316.82590098590157
1508,754.0,316.8259009859016,0,0.0,316.82590098590157
1509,754.5,316.8259009859016,0,0.0,316.82590098590157
1510,755.0,316.8259009859016,0,0.0,316.82590098590157
1511,755.5,316.8259009859016,0,0.0,316.82590098590157
1512,756.0,316.8259009859016,0,0.0,316.82590098590157
1513,756.5,316.8259009859016,0,0.0,316.82590098590157
1514,757.0,316.8259009859016,0,0.0,316.82590098590157
1515,757.5,316.8259009859016,0,0.0,316.82590098590157
1516,758.0,316.8259009859016,0,0.0,316.82590098590157
1517,758.5,316.8259009859016,0,0.0,316.82590098590157
1518,759.0,316.8259009859016,0,0.0,316.82590098590157
1519,759.5,316.8259009859016,0,0.0,316.82590098590157
1520,760.0,316.8259009859016,0,0.0,316.82590098590157
1521,760.5,316.8259009859016,0,0.0,316.82590098590157
1522,761.0,316.8259009859016,0,0.0,316.82590098590157
1523,761.5,316.8259009859016,0,0.0,316.82590098590157
1524,762.0,316.8259009859016,0,0.0,316.82590098590157
1525,762.5,316.8259009859016,0,0.0,316.82590098590157
1526,763.0,316.8259009859016,0,0.0,316.82590098590157
1527,763.5,316.8259009859016,0,0.0,316.82590098590157
1528,764.0,316.8259009859016,0,0.0,316.82590098590157
1529,764.5,316.8259009859016,0,0.0,316.82590098590157
1530,765.0,316.8259009859016,0,0.0,316.82590098590157
1531,765.5,316.8259009859016,0,0.0,316.82590098590157
1532,766.0,316.8259009859016,0,0.0,316.82590098590157
1533,766.5,316.8259009859016,0,0.0,316.82590098590157
1534,767.0,316.8259009859016,0,0.0,316.82590098590157
1535,767.5,316.8259009859016,0,0.0,316.82590098590157
1536,768.0,316.8259009859016,0,0.0,316.82590098590157
1537,768.5,316.8259009859016,0,0.0,316.82590098590157
1538,769.0,316.8259009859016,0,0.0,316.82590098590157
1539,769.5,316.8259009859016,0,0.0,316.82590098590157
1540,770.0,316.8259009859016,0,0.0,316.82590098590157
1541,770.5,316.8259009859016,0,0.0,316.82590098590157
1542,771.0,316.8259009859016,0,0.0,316.82590098590157
1543,771.5,316.8259009859016,0,0.0,316.82590098590157
1544,772.0,316.8259009859016,0,0.0,316.82590098590157
1545,772.5,316.8259009859016,0,0.0,316.82590098590157
1546,773.0,316.8259009859016,0,0.0,316.82590098590157
1547,773.5,316.8259009859016,0,0.0,316.82590098590157
1548,774.0,316.8259009859016,0,0.0,316.82590098590157
1549,774.5,316.8259009859016,0,0.0,316.82590098590157
1550,775.0,316.8259009859016,0,0.0,316.82590098590157
1551,775.5,316.8259009859016,0,0.0,316.82590098590157
1552,776.0,316.8259009859016,0,0.0,316.82590098590157
1553,776.5,316.8259009859016,0,0.0,316.82590098590157
1554,777.0,316.8259009859016,0,0.0,316.82590098590157
1555,777.5,316.8259009859016,0,0.0,316.82590098590157
1556,778.0,316.8259009859016,0,0.0,316.82590098590157
1557,778.5,316.8259009859016,0,0.0,316.82590098590157
1558,779.0,316.8259009859016,0,0.0,316.82590098590157
1559,779.5,316.8259009859016,0,0.0,316.82590098590157
1560,780.0,316.8259009859016,0,0.0,316.82590098590157
1561,780.5,316.8259009859016,0,0.0,316.82590098590157
1562,781.0,316.8259009859016,0,0.0,316.82590098590157
1563,781.5,316.8259009859016,0,0.0,316.82590098590157
1564,782.0,316.8259009859016,0,0.0,316.82590098590157
1565,782.5,316.8259009859016,0,0.0,316.82590098590157
1566,783.0,316.8259009859016,0,0.0,316.82590098590157
1567,783.5,316.8259009859016,0,0.0,316.82590098590157
1568,784.0,316.8259009859016,0,0.0,316.82590098590157
1569,784.5,316.8259009859016,0,0.0,316.82590098590157
1570,785.0,316.8259009859016,0,0.0,316.82590098590157
1571,785.5,316.8259009859016,0,0.0,316.82590098590157
1572,786.0,316.8259009859016,0,0.0,316.82590098590157
1573,786.5,316.8259009859016,0,0.0,316.82590098590157
1574,787.0,316.8259009859016,0,0.0,316.82590098590157
1575,787.5,316.8259009859016,0,0.0,316.82590098590157
1576,788.0,316.8259009859016,0,0.0,316.82590098590157
1577,788.5,316.8259009859016,0,0.0,316.82590098590157
1578,789.0,316.8259009859016,0,0.0,316.82590098590157
1579,789.5,316.8259009859016,0,0.0,316.82590098590157
1580,790.0,316.8259009859016,0,0.0,316.82590098590157
1581,790.5,316.8259009859016,0,0.0,316.82590098590157
1582,791.0,316.8259009859016,0,0.0,316.82590098590157
1583,791.5,316.8259009859016,0,0.0,316.82590098590157
1584,792.0,316.8259009859016,0,0.0,316.82590098590157
1585,792.5,316.8259009859016,0,0.0,316.82590098590157
1586,793.0,316.8259009859016,0,0.0,316.82590098590157
1587,793.5,316.8259009859016,0,0.0,316.82590098590157
1588,794.0,316.8259009859016,0,0.0,316.82590098590157
1589,794.5,316.8259009859016,0,0.0,316.82590098590157
1590,795.0,316.8259009859016,0,0.0,316.82590098590157
1591,795.5,316.8259009859016,0,0.0,316.82590098590157
1592,796.0,316.8259009859016,0,0.0,316.82590098590157
1593,796.5,316.8259009859016,0,0.0,316.82590098590157
1594,797.0,316.8259009859016,0,0.0,316.82590098590157
1595,797.5,316.8259009859016,0,0.0,316.82590098590157
1596,798.0,316.8259009859016,0,0.0,316.82590098590157
1597,798.5,316.8259009859016,0,0.0,316.82590098590157
1598,799.0,316.8259009859016,0,0.0,316.82590098590157
1599,799.5,316.8259009859016,0,0.0,316.82590098590157
1600,800.0,316.8259009859016,0,0.0,316.82590098590157
